[{
        "id": 1,
        "priority": 1,
        "action": {
            "type": "modifyHeaders",
            "requestHeaders": [
                { "header": "origin", "operation": "set", "value": "https://www.alibaba.com/" },
                { "header": "referer", "operation": "set", "value": "https://www.alibaba.com/" }
            ]
        },
        "condition": {
            "urlFilter": "https://open-s.alibaba.com/openservice/ossUploadSecretKeyDataService*",
            "resourceTypes": ["csp_report", "font", "image", "main_frame", "media", "object",
                "other", "ping", "script", "stylesheet", "sub_frame", "webbundle",
                "websocket", "webtransport", "xmlhttprequest"
            ]
        }
    },
    {
        "id": 2,
        "priority": 1,
        "action": {
            "type": "modifyHeaders",
            "requestHeaders": [
                { "header": "origin", "operation": "set", "value": "https://www.alibaba.com/" },
                { "header": "referer", "operation": "set", "value": "https://www.alibaba.com/" }
            ]
        },
        "condition": {
            "urlFilter": "https://icbu-picture-sh.oss-cn-shanghai.aliyuncs.com/",
            "resourceTypes": ["csp_report", "font", "image", "main_frame", "media", "object",
                "other", "ping", "script", "stylesheet", "sub_frame", "webbundle",
                "websocket", "webtransport", "xmlhttprequest"
            ]
        }
    },
    {
        "id": 3,
        "priority": 1,
        "action": {
            "type": "modifyHeaders",
            "requestHeaders": [
                { "header": "origin", "operation": "set", "value": "https://www.alibaba.com/" },
                { "header": "referer", "operation": "set", "value": "https://www.alibaba.com/" }
            ]
        },
        "condition": {
            "urlFilter": "https://icbu-picture.oss-us-west-1.aliyuncs.com/",
            "resourceTypes": ["csp_report", "font", "image", "main_frame", "media", "object",
                "other", "ping", "script", "stylesheet", "sub_frame", "webbundle",
                "websocket", "webtransport", "xmlhttprequest"
            ]
        }
    }

]