{"v":"5.8.1","fr":60,"ip":0,"op":112,"w":500,"h":500,"nm":"1054-amazon-echo-speaker-outline","ddd":0,"assets":[],"layers":[{"ddd":0,"ind":1,"ty":4,"nm":"watermark","sr":1,"ks":{"o":{"a":0,"k":100,"ix":11,"x":"var $bm_rt;\nvar checkbox = thisComp.layer('02092020').effect('02092020002')('Checkbox');\nif (checkbox == 1) {\n    $bm_rt = 20;\n} else {\n    $bm_rt = 0;\n}\n;"},"r":{"a":0,"k":0,"ix":10},"p":{"a":0,"k":[249.934,481.369,0],"ix":2,"l":2},"a":{"a":0,"k":[79.934,0.369,0],"ix":1,"l":2},"s":{"a":0,"k":[265.159,265.159,100],"ix":6,"l":2}},"ao":0,"shapes":[{"ind":0,"ty":"sh","ix":1,"ks":{"a":0,"k":{"i":[[0,0],[0,0],[0,0],[0,0],[0,0],[0,0]],"o":[[0,0],[0,0],[0,0],[0,0],[0,0],[0,0]],"v":[[1.415,0],[11.014,0],[11.014,-2.523],[4.656,-2.523],[4.656,-14.809],[1.415,-14.809]],"c":true},"ix":2},"nm":"l","mn":"ADBE Vector Shape - Group","hd":false},{"ind":1,"ty":"sh","ix":2,"ks":{"a":0,"k":{"i":[[0,-3.938],[-1.62,-1.723],[-1.949,0],[-1.641,1.846],[0,2.154],[1.579,1.805],[1.579,0]],"o":[[0,1.354],[1.354,1.415],[1.231,0],[1.21,-1.354],[0,-1.456],[-1.456,-1.641],[-5.333,0]],"v":[[11.167,-7.199],[12.992,-1.661],[18.243,0.369],[23.514,-1.743],[25.381,-7.548],[23.494,-13.127],[18.284,-15.137]],"c":true},"ix":2},"nm":"o","mn":"ADBE Vector Shape - Group","hd":false},{"ind":2,"ty":"sh","ix":3,"ks":{"a":0,"k":{"i":[[0,1.415],[-0.841,1.026],[-1.19,0],[-0.615,-1.825],[0,-0.718],[0.492,-0.738],[1.292,0],[0.451,0.615]],"o":[[0,-1.682],[0.595,-0.759],[1.518,0],[0.308,0.902],[0,2.359],[-0.595,0.923],[-1.477,0],[-0.882,-1.149]],"v":[[14.49,-7.302],[15.577,-11.609],[18.305,-12.86],[21.689,-10.235],[22.058,-7.589],[21.053,-3.343],[18.284,-1.969],[15.597,-3.159]],"c":true},"ix":2},"nm":"o","mn":"ADBE Vector Shape - Group","hd":false},{"ind":3,"ty":"sh","ix":4,"ks":{"a":0,"k":{"i":[[0,0],[0,0],[0,0],[0,0],[-0.287,-0.841],[-0.144,-0.82],[0,0],[0.164,0.656],[0.226,1.743],[2.236,0.205],[0,2.769],[0.923,0.8],[1.641,-0.021],[0,0]],"o":[[0,0],[0,0],[0,0],[0.533,0],[0.205,0.574],[0,0],[-0.164,-0.246],[-0.103,-0.41],[-0.267,-1.928],[0.718,-0.205],[0,-0.964],[-1.19,-1.026],[0,0],[0,0]],"v":[[27.381,0],[30.622,0],[30.622,-5.989],[33.411,-5.989],[35.011,-5.148],[35.811,0],[39.318,0],[38.867,-1.067],[38.416,-3.938],[35.749,-7.343],[38.847,-10.973],[37.554,-13.824],[33.063,-14.829],[27.381,-14.829]],"c":true},"ix":2},"nm":"r","mn":"ADBE Vector Shape - Group","hd":false},{"ind":4,"ty":"sh","ix":5,"ks":{"a":0,"k":{"i":[[0,0],[0,0],[-0.492,-0.349],[0,-1.005],[0.226,-0.164],[0.369,0],[0,0]],"o":[[0,0],[1.005,0],[0.287,0.185],[0,1.046],[-0.513,0.41],[0,0],[0,0]],"v":[[30.519,-12.491],[32.652,-12.491],[34.744,-12.142],[35.524,-10.481],[34.703,-8.758],[33.083,-8.348],[30.519,-8.348]],"c":true},"ix":2},"nm":"r","mn":"ADBE Vector Shape - Group","hd":false},{"ind":5,"ty":"sh","ix":6,"ks":{"a":0,"k":{"i":[[0,0],[0,0],[-0.554,0.103],[0,4.553],[1.866,1.374],[0.82,0],[0,0]],"o":[[0,0],[1.497,0],[2.81,-0.513],[0,-2.113],[-1.784,-1.313],[0,0],[0,0]],"v":[[41.068,0],[45.683,0],[48.349,-0.164],[53.6,-7.609],[51.077,-13.434],[45.97,-14.768],[41.068,-14.788]],"c":true},"ix":2},"nm":"d","mn":"ADBE Vector Shape - Group","hd":false},{"ind":6,"ty":"sh","ix":7,"ks":{"a":0,"k":{"i":[[0,0],[-0.656,-0.185],[0,-2.092],[1.251,-1.251],[1.354,0],[0.349,0.021]],"o":[[1.825,-0.082],[1.99,0.554],[0,0.718],[-0.923,0.923],[-0.369,0],[0,0]],"v":[[44.288,-12.388],[47.611,-12.183],[50.318,-7.609],[48.985,-3.425],[45.539,-2.4],[44.288,-2.441]],"c":true},"ix":2},"nm":"d","mn":"ADBE Vector Shape - Group","hd":false},{"ind":7,"ty":"sh","ix":8,"ks":{"a":0,"k":{"i":[[0,0],[0,0],[0,0],[0,0]],"o":[[0,0],[0,0],[0,0],[0,0]],"v":[[55.669,0],[58.849,0],[58.849,-14.87],[55.669,-14.87]],"c":true},"ix":2},"nm":"i","mn":"ADBE Vector Shape - Group","hd":false},{"ind":8,"ty":"sh","ix":9,"ks":{"a":0,"k":{"i":[[0,0],[3.241,0],[0,-4.697],[-5.107,0],[-1.313,1.354],[-0.062,0.882],[0,0],[1.333,0],[0,0.882],[-2.359,0],[-0.062,-0.513]],"o":[[0,-2.954],[-4.164,0],[0,3.671],[1.354,0],[1.19,-1.231],[0,0],[-0.062,1.969],[-3.097,0],[0,-3.056],[2.154,0],[0,0]],"v":[[73.104,-9.989],[67.587,-14.911],[60.798,-7.097],[67.566,0.349],[71.894,-1.313],[73.227,-4.799],[69.884,-4.799],[67.218,-1.99],[64.121,-7.076],[67.464,-12.593],[69.864,-9.989]],"c":true},"ix":2},"nm":"c","mn":"ADBE Vector Shape - Group","hd":false},{"ind":9,"ty":"sh","ix":10,"ks":{"a":0,"k":{"i":[[0,-3.938],[-1.62,-1.723],[-1.949,0],[-1.641,1.846],[0,2.154],[1.579,1.805],[1.579,0]],"o":[[0,1.354],[1.354,1.415],[1.231,0],[1.21,-1.354],[0,-1.456],[-1.456,-1.641],[-5.333,0]],"v":[[74.546,-7.199],[76.372,-1.661],[81.622,0.369],[86.894,-1.743],[88.76,-7.548],[86.873,-13.127],[81.663,-15.137]],"c":true},"ix":2},"nm":"o","mn":"ADBE Vector Shape - Group","hd":false},{"ind":10,"ty":"sh","ix":11,"ks":{"a":0,"k":{"i":[[0,1.415],[-0.841,1.026],[-1.19,0],[-0.615,-1.825],[0,-0.718],[0.492,-0.738],[1.292,0],[0.451,0.615]],"o":[[0,-1.682],[0.595,-0.759],[1.518,0],[0.308,0.902],[0,2.359],[-0.595,0.923],[-1.477,0],[-0.882,-1.149]],"v":[[77.869,-7.302],[78.956,-11.609],[81.684,-12.86],[85.068,-10.235],[85.437,-7.589],[84.432,-3.343],[81.663,-1.969],[78.977,-3.159]],"c":true},"ix":2},"nm":"o","mn":"ADBE Vector Shape - Group","hd":false},{"ind":11,"ty":"sh","ix":12,"ks":{"a":0,"k":{"i":[[0,0],[0,0],[0,0],[0,0],[0,0],[0,0],[0,0],[0,0],[0,0],[0,0]],"o":[[0,0],[0,0],[0,0],[0,0],[0,0],[0,0],[0,0],[0,0],[0,0],[0,0]],"v":[[91.007,0],[94.001,0],[94.001,-12.306],[99.744,0],[104.113,0],[104.113,-14.829],[101.159,-14.829],[101.159,-3.159],[95.601,-14.829],[91.007,-14.829]],"c":true},"ix":2},"nm":"n","mn":"ADBE Vector Shape - Group","hd":false},{"ind":12,"ty":"sh","ix":13,"ks":{"a":0,"k":{"i":[[0,0],[0,0],[0,0],[0,0]],"o":[[0,0],[0,0],[0,0],[0,0]],"v":[[106.893,0],[109.497,0],[109.497,-2.728],[106.893,-2.728]],"c":true},"ix":2},"nm":".","mn":"ADBE Vector Shape - Group","hd":false},{"ind":13,"ty":"sh","ix":14,"ks":{"a":0,"k":{"i":[[0,0],[3.241,0],[0,-4.697],[-5.107,0],[-1.313,1.354],[-0.062,0.882],[0,0],[1.333,0],[0,0.882],[-2.359,0],[-0.062,-0.513]],"o":[[0,-2.954],[-4.164,0],[0,3.671],[1.354,0],[1.19,-1.231],[0,0],[-0.062,1.969],[-3.097,0],[0,-3.056],[2.154,0],[0,0]],"v":[[124.04,-9.989],[118.523,-14.911],[111.734,-7.097],[118.502,0.349],[122.83,-1.313],[124.163,-4.799],[120.82,-4.799],[118.154,-1.99],[115.057,-7.076],[118.4,-12.593],[120.8,-9.989]],"c":true},"ix":2},"nm":"c","mn":"ADBE Vector Shape - Group","hd":false},{"ind":14,"ty":"sh","ix":15,"ks":{"a":0,"k":{"i":[[0,-3.938],[-1.62,-1.723],[-1.949,0],[-1.641,1.846],[0,2.154],[1.579,1.805],[1.579,0]],"o":[[0,1.354],[1.354,1.415],[1.231,0],[1.21,-1.354],[0,-1.456],[-1.456,-1.641],[-5.333,0]],"v":[[125.482,-7.199],[127.308,-1.661],[132.558,0.369],[137.829,-1.743],[139.696,-7.548],[137.809,-13.127],[132.599,-15.137]],"c":true},"ix":2},"nm":"o","mn":"ADBE Vector Shape - Group","hd":false},{"ind":15,"ty":"sh","ix":16,"ks":{"a":0,"k":{"i":[[0,1.415],[-0.841,1.026],[-1.19,0],[-0.615,-1.825],[0,-0.718],[0.492,-0.738],[1.292,0],[0.451,0.615]],"o":[[0,-1.682],[0.595,-0.759],[1.518,0],[0.308,0.902],[0,2.359],[-0.595,0.923],[-1.477,0],[-0.882,-1.149]],"v":[[128.805,-7.302],[129.892,-11.609],[132.62,-12.86],[136.004,-10.235],[136.373,-7.589],[135.368,-3.343],[132.599,-1.969],[129.912,-3.159]],"c":true},"ix":2},"nm":"o","mn":"ADBE Vector Shape - Group","hd":false},{"ind":16,"ty":"sh","ix":17,"ks":{"a":0,"k":{"i":[[0,0],[0,0],[0,0],[0,0],[0,0],[0,0],[0,0],[0,0],[0,0],[0,0],[0,0],[0,0],[0,0]],"o":[[0,0],[0,0],[0,0],[0,0],[0,0],[0,0],[0,0],[0,0],[0,0],[0,0],[0,0],[0,0],[0,0]],"v":[[141.696,0],[144.67,0],[144.67,-12.716],[148.629,0],[151.254,0],[155.295,-12.716],[155.295,0],[158.453,0],[158.453,-14.829],[153.408,-14.829],[150.024,-4.041],[146.885,-14.829],[141.696,-14.829]],"c":true},"ix":2},"nm":"m","mn":"ADBE Vector Shape - Group","hd":false},{"ty":"fl","c":{"a":0,"k":[0,0,0,1],"ix":4},"o":{"a":0,"k":100,"ix":5},"r":1,"bm":0,"nm":"Fill 1","mn":"ADBE Vector Graphic - Fill","hd":false}],"ip":2.5,"op":25,"st":0,"bm":0},{"ddd":0,"ind":2,"ty":3,"nm":"02092020","sr":1,"ks":{"o":{"a":0,"k":0,"ix":11},"r":{"a":0,"k":0,"ix":10},"p":{"a":0,"k":[-105,15,0],"ix":2,"l":2},"a":{"a":0,"k":[60,60,0],"ix":1,"l":2},"s":{"a":0,"k":[100,100,100],"ix":6,"l":2}},"ao":0,"ef":[{"ty":5,"nm":"02092020002","np":3,"mn":"ADBE Checkbox Control","ix":1,"en":1,"ef":[{"ty":7,"nm":"Checkbox","mn":"ADBE Checkbox Control-0001","ix":1,"v":{"a":0,"k":0,"ix":1}}]}],"ip":0,"op":844,"st":0,"bm":0},{"ddd":0,"ind":3,"ty":3,"nm":"Color & Stroke Change","sr":1,"ks":{"o":{"a":0,"k":0,"ix":11},"r":{"a":0,"k":0,"ix":10},"p":{"a":0,"k":[250,250,0],"ix":2,"l":2,"x":"var $bm_rt;\n$bm_rt = effect('Axis')('Point');"},"a":{"a":0,"k":[0,0,0],"ix":1,"l":2},"s":{"a":0,"k":[100,100,100],"ix":6,"l":2,"x":"var $bm_rt;\nvar temp;\ntemp = effect('Scale')('Slider');\n$bm_rt = [\n    temp,\n    temp\n];"}},"ao":0,"ef":[{"ty":5,"nm":"Stroke","np":3,"mn":"ADBE Slider Control","ix":1,"en":1,"ef":[{"ty":0,"nm":"Slider","mn":"ADBE Slider Control-0001","ix":1,"v":{"a":0,"k":42,"ix":1}}]},{"ty":5,"nm":"Axis","np":3,"mn":"ADBE Point Control","ix":2,"en":1,"ef":[{"ty":3,"nm":"Point","mn":"ADBE Point Control-0001","ix":1,"v":{"a":0,"k":[250,250],"ix":1}}]},{"ty":5,"nm":"Scale","np":3,"mn":"ADBE Slider Control","ix":3,"en":1,"ef":[{"ty":0,"nm":"Slider","mn":"ADBE Slider Control-0001","ix":1,"v":{"a":0,"k":100,"ix":1}}]},{"ty":5,"nm":"Primary","np":3,"mn":"ADBE Color Control","ix":4,"en":1,"ef":[{"ty":2,"nm":"Color","mn":"ADBE Color Control-0001","ix":1,"v":{"a":0,"k":[0,0.659,0.557],"ix":1}}]},{"ty":5,"nm":"Secondary","np":3,"mn":"ADBE Color Control","ix":5,"en":1,"ef":[{"ty":2,"nm":"Color","mn":"ADBE Color Control-0001","ix":1,"v":{"a":0,"k":[0.2,0.2,0.2],"ix":1}}]}],"ip":0,"op":844,"st":0,"bm":0},{"ddd":0,"ind":4,"ty":3,"nm":"NULL CONTROL ","parent":3,"sr":1,"ks":{"o":{"a":0,"k":0,"ix":11},"r":{"a":0,"k":90,"ix":10},"p":{"a":0,"k":[-1.223,-132.388,0],"ix":2,"l":2},"a":{"a":0,"k":[50,50,0],"ix":1,"l":2},"s":{"a":0,"k":[110,110,100],"ix":6,"l":2}},"ao":0,"ip":0,"op":290,"st":0,"bm":0},{"ddd":0,"ind":5,"ty":4,"nm":"outline 11","parent":4,"sr":1,"ks":{"o":{"a":0,"k":100,"ix":11},"r":{"a":0,"k":0,"ix":10},"p":{"a":0,"k":[50,50,0],"ix":2,"l":2},"a":{"a":0,"k":[114.277,251.112,0],"ix":1,"l":2},"s":{"a":0,"k":[100,100,100],"ix":6,"l":2}},"ao":0,"shapes":[{"ty":"gr","it":[{"ind":0,"ty":"sh","ix":1,"ks":{"a":1,"k":[{"i":{"x":0.667,"y":1},"o":{"x":0.167,"y":0},"t":66,"s":[{"i":[[0,0],[0,8.151],[-4.66,5.957]],"o":[[-4.66,-5.957],[0,-8.151],[0,0]],"v":[[55.841,21.612],[48.404,0],[55.841,-21.612]],"c":false}]},{"i":{"x":0.667,"y":1},"o":{"x":0.333,"y":0},"t":80,"s":[{"i":[[0,0],[0,27.386],[-15.657,20.015]],"o":[[-15.657,-20.015],[0,-27.386],[0,0]],"v":[[1.674,72.612],[-23.312,0],[1.674,-72.612]],"c":false}]},{"i":{"x":0.667,"y":1},"o":{"x":0.333,"y":0},"t":93,"s":[{"i":[[0,0],[0,21.144],[-12.088,15.453]],"o":[[-12.088,-15.453],[0,-21.144],[0,0]],"v":[[17.04,56.062],[-2.252,0],[17.04,-56.062]],"c":false}]},{"t":106,"s":[{"i":[[0,0],[0,23.488],[-13.428,17.166]],"o":[[-13.428,-17.166],[0,-23.488],[0,0]],"v":[[10.715,62.276],[-10.715,0],[10.715,-62.276]],"c":false}]}],"ix":2},"nm":"Path 1","mn":"ADBE Vector Shape - Group","hd":false},{"ty":"st","c":{"a":0,"k":[0.031372550875,0.658823549747,0.541176497936,1],"ix":3,"x":"var $bm_rt;\n$bm_rt = comp('1054-amazon-echo-speaker-outline').layer('Color & Stroke Change').effect('Primary')('Color');"},"o":{"a":0,"k":100,"ix":4},"w":{"a":0,"k":12,"ix":5,"x":"var $bm_rt;\n$bm_rt = $bm_mul($bm_div(value, 70), comp('1054-amazon-echo-speaker-outline').layer('Color & Stroke Change').effect('Stroke')('Slider'));"},"lc":2,"lj":2,"bm":0,"nm":"Stroke 1","mn":"ADBE Vector Graphic - Stroke","hd":false},{"ty":"tr","p":{"a":0,"k":[100.305,251.112],"ix":2},"a":{"a":0,"k":[0,0],"ix":1},"s":{"a":0,"k":[100,100],"ix":3},"r":{"a":0,"k":0,"ix":6},"o":{"a":1,"k":[{"i":{"x":[0.833],"y":[0.833]},"o":{"x":[0.167],"y":[0.167]},"t":66,"s":[0]},{"t":74,"s":[100]}],"ix":7},"sk":{"a":0,"k":0,"ix":4},"sa":{"a":0,"k":0,"ix":5},"nm":"Transform"}],"nm":"Group 1","np":2,"cix":2,"bm":0,"ix":1,"mn":"ADBE Vector Group","hd":false},{"ty":"gr","it":[{"ind":0,"ty":"sh","ix":1,"ks":{"a":1,"k":[{"i":{"x":0.667,"y":1},"o":{"x":0.167,"y":0.167},"t":70,"s":[{"i":[[0,0],[0,5.436],[-3.108,3.971]],"o":[[-3.108,-3.971],[0,-5.436],[0,0]],"v":[[34.028,14.409],[29.067,0],[34.028,-14.409]],"c":false}]},{"i":{"x":0.667,"y":1},"o":{"x":0.333,"y":0},"t":84,"s":[{"i":[[0,0],[0,18.263],[-10.443,13.343]],"o":[[-10.443,-13.343],[0,-18.263],[0,0]],"v":[[2.744,48.411],[-13.922,0],[2.744,-48.411]],"c":false}]},{"i":{"x":0.667,"y":1},"o":{"x":0.333,"y":0},"t":97,"s":[{"i":[[0,0],[0,14.101],[-8.063,10.302]],"o":[[-8.063,-10.302],[0,-14.101],[0,0]],"v":[[10.684,37.377],[-2.184,0],[10.684,-37.377]],"c":false}]},{"t":110,"s":[{"i":[[0,0],[0,15.663],[-8.957,11.444]],"o":[[-8.957,-11.444],[0,-15.663],[0,0]],"v":[[7.147,41.52],[-7.147,0],[7.147,-41.52]],"c":false}]}],"ix":2},"nm":"Path 1","mn":"ADBE Vector Shape - Group","hd":false},{"ty":"st","c":{"a":0,"k":[0.031372550875,0.658823549747,0.541176497936,1],"ix":3,"x":"var $bm_rt;\n$bm_rt = comp('1054-amazon-echo-speaker-outline').layer('Color & Stroke Change').effect('Primary')('Color');"},"o":{"a":0,"k":100,"ix":4},"w":{"a":0,"k":12,"ix":5,"x":"var $bm_rt;\n$bm_rt = $bm_mul($bm_div(value, 70), comp('1054-amazon-echo-speaker-outline').layer('Color & Stroke Change').effect('Stroke')('Slider'));"},"lc":2,"lj":2,"bm":0,"nm":"Stroke 1","mn":"ADBE Vector Graphic - Stroke","hd":false},{"ty":"tr","p":{"a":0,"k":[131.816,251.112],"ix":2},"a":{"a":0,"k":[0,0],"ix":1},"s":{"a":0,"k":[100,100],"ix":3},"r":{"a":0,"k":0,"ix":6},"o":{"a":1,"k":[{"i":{"x":[0.833],"y":[0.833]},"o":{"x":[0.167],"y":[0.167]},"t":70,"s":[0]},{"t":78,"s":[100]}],"ix":7},"sk":{"a":0,"k":0,"ix":4},"sa":{"a":0,"k":0,"ix":5},"nm":"Transform"}],"nm":"Group 2","np":2,"cix":2,"bm":0,"ix":2,"mn":"ADBE Vector Group","hd":false}],"ip":66,"op":290,"st":49,"bm":0},{"ddd":0,"ind":6,"ty":4,"nm":"outline 10","parent":4,"sr":1,"ks":{"o":{"a":0,"k":100,"ix":11},"r":{"a":0,"k":0,"ix":10},"p":{"a":0,"k":[50,50,0],"ix":2,"l":2},"a":{"a":1,"k":[{"i":{"x":0.833,"y":0.833},"o":{"x":0.167,"y":0.167},"t":43,"s":[114.277,251.112,0],"to":[1.167,0,0],"ti":[-1.167,0,0]},{"t":74,"s":[121.277,251.112,0]}],"ix":1,"l":2},"s":{"a":0,"k":[100,100,100],"ix":6,"l":2}},"ao":0,"shapes":[{"ty":"gr","it":[{"ind":0,"ty":"sh","ix":1,"ks":{"a":1,"k":[{"i":{"x":0.833,"y":1},"o":{"x":0.167,"y":0},"t":40,"s":[{"i":[[0,0],[0,8.151],[-4.66,5.957]],"o":[[-4.66,-5.957],[0,-8.151],[0,0]],"v":[[55.841,21.612],[48.404,0],[55.841,-21.612]],"c":false}]},{"i":{"x":0.833,"y":0.833},"o":{"x":0.88,"y":0},"t":54,"s":[{"i":[[0,0],[0,23.488],[-13.428,17.166]],"o":[[-13.428,-17.166],[0,-23.488],[0,0]],"v":[[10.715,62.276],[-10.715,0],[10.715,-62.276]],"c":false}]},{"t":71,"s":[{"i":[[0,0],[0,38.135],[-21.802,27.871]],"o":[[-21.802,-27.871],[0,-38.135],[0,0]],"v":[[-52.316,101.112],[-87.11,0],[-52.316,-101.112]],"c":false}]}],"ix":2},"nm":"Path 1","mn":"ADBE Vector Shape - Group","hd":false},{"ty":"st","c":{"a":0,"k":[0.031372550875,0.658823549747,0.541176497936,1],"ix":3,"x":"var $bm_rt;\n$bm_rt = comp('1054-amazon-echo-speaker-outline').layer('Color & Stroke Change').effect('Primary')('Color');"},"o":{"a":0,"k":100,"ix":4},"w":{"a":0,"k":12,"ix":5,"x":"var $bm_rt;\n$bm_rt = $bm_mul($bm_div(value, 70), comp('1054-amazon-echo-speaker-outline').layer('Color & Stroke Change').effect('Stroke')('Slider'));"},"lc":2,"lj":2,"bm":0,"nm":"Stroke 1","mn":"ADBE Vector Graphic - Stroke","hd":false},{"ty":"tr","p":{"a":0,"k":[100.305,251.112],"ix":2},"a":{"a":0,"k":[0,0],"ix":1},"s":{"a":0,"k":[100,100],"ix":3},"r":{"a":0,"k":0,"ix":6},"o":{"a":1,"k":[{"i":{"x":[0.833],"y":[0.833]},"o":{"x":[0.167],"y":[0.167]},"t":40,"s":[0]},{"i":{"x":[0.833],"y":[0.833]},"o":{"x":[0.167],"y":[0.167]},"t":48,"s":[100]},{"i":{"x":[0.833],"y":[0.833]},"o":{"x":[0.167],"y":[0.167]},"t":64,"s":[100]},{"t":71,"s":[0]}],"ix":7},"sk":{"a":0,"k":0,"ix":4},"sa":{"a":0,"k":0,"ix":5},"nm":"Transform"}],"nm":"Group 1","np":2,"cix":2,"bm":0,"ix":1,"mn":"ADBE Vector Group","hd":false},{"ty":"gr","it":[{"ind":0,"ty":"sh","ix":1,"ks":{"a":1,"k":[{"i":{"x":0.833,"y":1},"o":{"x":0.167,"y":0.167},"t":43,"s":[{"i":[[0,0],[0,5.436],[-3.108,3.971]],"o":[[-3.108,-3.971],[0,-5.436],[0,0]],"v":[[34.028,14.409],[29.067,0],[34.028,-14.409]],"c":false}]},{"i":{"x":0.833,"y":0.833},"o":{"x":0.88,"y":0},"t":57,"s":[{"i":[[0,0],[0,15.663],[-8.957,11.444]],"o":[[-8.957,-11.444],[0,-15.663],[0,0]],"v":[[7.147,41.52],[-7.147,0],[7.147,-41.52]],"c":false}]},{"t":74,"s":[{"i":[[0,0],[0,25.431],[-14.542,18.581]],"o":[[-14.542,-18.581],[0,-25.431],[0,0]],"v":[[-38.458,67.412],[-61.666,0],[-38.458,-67.412]],"c":false}]}],"ix":2},"nm":"Path 1","mn":"ADBE Vector Shape - Group","hd":false},{"ty":"st","c":{"a":0,"k":[0.031372550875,0.658823549747,0.541176497936,1],"ix":3,"x":"var $bm_rt;\n$bm_rt = comp('1054-amazon-echo-speaker-outline').layer('Color & Stroke Change').effect('Primary')('Color');"},"o":{"a":0,"k":100,"ix":4},"w":{"a":0,"k":12,"ix":5,"x":"var $bm_rt;\n$bm_rt = $bm_mul($bm_div(value, 70), comp('1054-amazon-echo-speaker-outline').layer('Color & Stroke Change').effect('Stroke')('Slider'));"},"lc":2,"lj":2,"bm":0,"nm":"Stroke 1","mn":"ADBE Vector Graphic - Stroke","hd":false},{"ty":"tr","p":{"a":0,"k":[131.816,251.112],"ix":2},"a":{"a":0,"k":[0,0],"ix":1},"s":{"a":0,"k":[100,100],"ix":3},"r":{"a":0,"k":0,"ix":6},"o":{"a":1,"k":[{"i":{"x":[0.833],"y":[0.833]},"o":{"x":[0.167],"y":[0.167]},"t":43,"s":[0]},{"i":{"x":[0.833],"y":[0.833]},"o":{"x":[0.167],"y":[0.167]},"t":51,"s":[100]},{"i":{"x":[0.833],"y":[0.833]},"o":{"x":[0.167],"y":[0.167]},"t":67,"s":[100]},{"t":74,"s":[0]}],"ix":7},"sk":{"a":0,"k":0,"ix":4},"sa":{"a":0,"k":0,"ix":5},"nm":"Transform"}],"nm":"Group 2","np":2,"cix":2,"bm":0,"ix":2,"mn":"ADBE Vector Group","hd":false}],"ip":40,"op":76,"st":23,"bm":0},{"ddd":0,"ind":7,"ty":4,"nm":"outline 9","parent":4,"sr":1,"ks":{"o":{"a":0,"k":100,"ix":11},"r":{"a":0,"k":0,"ix":10},"p":{"a":0,"k":[50,50,0],"ix":2,"l":2},"a":{"a":1,"k":[{"i":{"x":0.833,"y":0.833},"o":{"x":0.167,"y":0.167},"t":15,"s":[114.277,251.112,0],"to":[1.167,0,0],"ti":[-1.167,0,0]},{"t":46,"s":[121.277,251.112,0]}],"ix":1,"l":2},"s":{"a":0,"k":[100,100,100],"ix":6,"l":2}},"ao":0,"shapes":[{"ty":"gr","it":[{"ind":0,"ty":"sh","ix":1,"ks":{"a":1,"k":[{"i":{"x":0.833,"y":1},"o":{"x":0.167,"y":0},"t":12,"s":[{"i":[[0,0],[0,8.151],[-4.66,5.957]],"o":[[-4.66,-5.957],[0,-8.151],[0,0]],"v":[[55.841,21.612],[48.404,0],[55.841,-21.612]],"c":false}]},{"i":{"x":0.833,"y":0.833},"o":{"x":0.88,"y":0},"t":26,"s":[{"i":[[0,0],[0,23.488],[-13.428,17.166]],"o":[[-13.428,-17.166],[0,-23.488],[0,0]],"v":[[10.715,62.276],[-10.715,0],[10.715,-62.276]],"c":false}]},{"t":43,"s":[{"i":[[0,0],[0,38.135],[-21.802,27.871]],"o":[[-21.802,-27.871],[0,-38.135],[0,0]],"v":[[-52.316,101.112],[-87.11,0],[-52.316,-101.112]],"c":false}]}],"ix":2},"nm":"Path 1","mn":"ADBE Vector Shape - Group","hd":false},{"ty":"st","c":{"a":0,"k":[0.031372550875,0.658823549747,0.541176497936,1],"ix":3,"x":"var $bm_rt;\n$bm_rt = comp('1054-amazon-echo-speaker-outline').layer('Color & Stroke Change').effect('Primary')('Color');"},"o":{"a":0,"k":100,"ix":4},"w":{"a":0,"k":12,"ix":5,"x":"var $bm_rt;\n$bm_rt = $bm_mul($bm_div(value, 70), comp('1054-amazon-echo-speaker-outline').layer('Color & Stroke Change').effect('Stroke')('Slider'));"},"lc":2,"lj":2,"bm":0,"nm":"Stroke 1","mn":"ADBE Vector Graphic - Stroke","hd":false},{"ty":"tr","p":{"a":0,"k":[100.305,251.112],"ix":2},"a":{"a":0,"k":[0,0],"ix":1},"s":{"a":0,"k":[100,100],"ix":3},"r":{"a":0,"k":0,"ix":6},"o":{"a":1,"k":[{"i":{"x":[0.833],"y":[0.833]},"o":{"x":[0.167],"y":[0.167]},"t":12,"s":[0]},{"i":{"x":[0.833],"y":[0.833]},"o":{"x":[0.167],"y":[0.167]},"t":20,"s":[100]},{"i":{"x":[0.833],"y":[0.833]},"o":{"x":[0.167],"y":[0.167]},"t":36,"s":[100]},{"t":43,"s":[0]}],"ix":7},"sk":{"a":0,"k":0,"ix":4},"sa":{"a":0,"k":0,"ix":5},"nm":"Transform"}],"nm":"Group 1","np":2,"cix":2,"bm":0,"ix":1,"mn":"ADBE Vector Group","hd":false},{"ty":"gr","it":[{"ind":0,"ty":"sh","ix":1,"ks":{"a":1,"k":[{"i":{"x":0.833,"y":1},"o":{"x":0.167,"y":0.167},"t":15,"s":[{"i":[[0,0],[0,5.436],[-3.108,3.971]],"o":[[-3.108,-3.971],[0,-5.436],[0,0]],"v":[[34.028,14.409],[29.067,0],[34.028,-14.409]],"c":false}]},{"i":{"x":0.833,"y":0.833},"o":{"x":0.88,"y":0},"t":29,"s":[{"i":[[0,0],[0,15.663],[-8.957,11.444]],"o":[[-8.957,-11.444],[0,-15.663],[0,0]],"v":[[7.147,41.52],[-7.147,0],[7.147,-41.52]],"c":false}]},{"t":46,"s":[{"i":[[0,0],[0,25.431],[-14.542,18.581]],"o":[[-14.542,-18.581],[0,-25.431],[0,0]],"v":[[-38.458,67.412],[-61.666,0],[-38.458,-67.412]],"c":false}]}],"ix":2},"nm":"Path 1","mn":"ADBE Vector Shape - Group","hd":false},{"ty":"st","c":{"a":0,"k":[0.031372550875,0.658823549747,0.541176497936,1],"ix":3,"x":"var $bm_rt;\n$bm_rt = comp('1054-amazon-echo-speaker-outline').layer('Color & Stroke Change').effect('Primary')('Color');"},"o":{"a":0,"k":100,"ix":4},"w":{"a":0,"k":12,"ix":5,"x":"var $bm_rt;\n$bm_rt = $bm_mul($bm_div(value, 70), comp('1054-amazon-echo-speaker-outline').layer('Color & Stroke Change').effect('Stroke')('Slider'));"},"lc":2,"lj":2,"bm":0,"nm":"Stroke 1","mn":"ADBE Vector Graphic - Stroke","hd":false},{"ty":"tr","p":{"a":0,"k":[131.816,251.112],"ix":2},"a":{"a":0,"k":[0,0],"ix":1},"s":{"a":0,"k":[100,100],"ix":3},"r":{"a":0,"k":0,"ix":6},"o":{"a":1,"k":[{"i":{"x":[0.833],"y":[0.833]},"o":{"x":[0.167],"y":[0.167]},"t":15,"s":[0]},{"i":{"x":[0.833],"y":[0.833]},"o":{"x":[0.167],"y":[0.167]},"t":23,"s":[100]},{"i":{"x":[0.833],"y":[0.833]},"o":{"x":[0.167],"y":[0.167]},"t":39,"s":[100]},{"t":46,"s":[0]}],"ix":7},"sk":{"a":0,"k":0,"ix":4},"sa":{"a":0,"k":0,"ix":5},"nm":"Transform"}],"nm":"Group 2","np":2,"cix":2,"bm":0,"ix":2,"mn":"ADBE Vector Group","hd":false}],"ip":12,"op":48,"st":-5,"bm":0},{"ddd":0,"ind":8,"ty":4,"nm":"outline 7","parent":4,"sr":1,"ks":{"o":{"a":0,"k":100,"ix":11},"r":{"a":0,"k":0,"ix":10},"p":{"a":0,"k":[50,50,0],"ix":2,"l":2},"a":{"a":0,"k":[114.277,251.112,0],"ix":1,"l":2},"s":{"a":0,"k":[100,100,100],"ix":6,"l":2}},"ao":0,"shapes":[{"ty":"gr","it":[{"ind":0,"ty":"sh","ix":1,"ks":{"a":1,"k":[{"i":{"x":0.833,"y":0.833},"o":{"x":0.88,"y":0},"t":0,"s":[{"i":[[0,0],[0,23.488],[-13.428,17.166]],"o":[[-13.428,-17.166],[0,-23.488],[0,0]],"v":[[10.715,62.276],[-10.715,0],[10.715,-62.276]],"c":false}]},{"t":17,"s":[{"i":[[0,0],[0,38.135],[-21.802,27.871]],"o":[[-21.802,-27.871],[0,-38.135],[0,0]],"v":[[-52.316,101.112],[-87.11,0],[-52.316,-101.112]],"c":false}]}],"ix":2},"nm":"Path 1","mn":"ADBE Vector Shape - Group","hd":false},{"ty":"st","c":{"a":0,"k":[0.031372550875,0.658823549747,0.541176497936,1],"ix":3,"x":"var $bm_rt;\n$bm_rt = comp('1054-amazon-echo-speaker-outline').layer('Color & Stroke Change').effect('Primary')('Color');"},"o":{"a":0,"k":100,"ix":4},"w":{"a":0,"k":12,"ix":5,"x":"var $bm_rt;\n$bm_rt = $bm_mul($bm_div(value, 70), comp('1054-amazon-echo-speaker-outline').layer('Color & Stroke Change').effect('Stroke')('Slider'));"},"lc":2,"lj":2,"bm":0,"nm":"Stroke 1","mn":"ADBE Vector Graphic - Stroke","hd":false},{"ty":"tr","p":{"a":0,"k":[100.305,251.112],"ix":2},"a":{"a":0,"k":[0,0],"ix":1},"s":{"a":0,"k":[100,100],"ix":3},"r":{"a":0,"k":0,"ix":6},"o":{"a":1,"k":[{"i":{"x":[0.833],"y":[0.833]},"o":{"x":[0.167],"y":[0.167]},"t":10,"s":[100]},{"t":17,"s":[0]}],"ix":7},"sk":{"a":0,"k":0,"ix":4},"sa":{"a":0,"k":0,"ix":5},"nm":"Transform"}],"nm":"Group 1","np":2,"cix":2,"bm":0,"ix":1,"mn":"ADBE Vector Group","hd":false},{"ty":"gr","it":[{"ind":0,"ty":"sh","ix":1,"ks":{"a":1,"k":[{"i":{"x":0.833,"y":0.833},"o":{"x":0.88,"y":0},"t":3,"s":[{"i":[[0,0],[0,15.663],[-8.957,11.444]],"o":[[-8.957,-11.444],[0,-15.663],[0,0]],"v":[[7.147,41.52],[-7.147,0],[7.147,-41.52]],"c":false}]},{"t":20,"s":[{"i":[[0,0],[0,25.431],[-14.542,18.581]],"o":[[-14.542,-18.581],[0,-25.431],[0,0]],"v":[[-38.458,67.412],[-61.666,0],[-38.458,-67.412]],"c":false}]}],"ix":2},"nm":"Path 1","mn":"ADBE Vector Shape - Group","hd":false},{"ty":"st","c":{"a":0,"k":[0.031372550875,0.658823549747,0.541176497936,1],"ix":3,"x":"var $bm_rt;\n$bm_rt = comp('1054-amazon-echo-speaker-outline').layer('Color & Stroke Change').effect('Primary')('Color');"},"o":{"a":0,"k":100,"ix":4},"w":{"a":0,"k":12,"ix":5,"x":"var $bm_rt;\n$bm_rt = $bm_mul($bm_div(value, 70), comp('1054-amazon-echo-speaker-outline').layer('Color & Stroke Change').effect('Stroke')('Slider'));"},"lc":2,"lj":2,"bm":0,"nm":"Stroke 1","mn":"ADBE Vector Graphic - Stroke","hd":false},{"ty":"tr","p":{"a":0,"k":[131.816,251.112],"ix":2},"a":{"a":0,"k":[0,0],"ix":1},"s":{"a":0,"k":[100,100],"ix":3},"r":{"a":0,"k":0,"ix":6},"o":{"a":1,"k":[{"i":{"x":[0.833],"y":[0.833]},"o":{"x":[0.167],"y":[0.167]},"t":13,"s":[100]},{"t":20,"s":[0]}],"ix":7},"sk":{"a":0,"k":0,"ix":4},"sa":{"a":0,"k":0,"ix":5},"nm":"Transform"}],"nm":"Group 2","np":2,"cix":2,"bm":0,"ix":2,"mn":"ADBE Vector Group","hd":false}],"ip":0,"op":22,"st":0,"bm":0},{"ddd":0,"ind":9,"ty":4,"nm":"outline 2","parent":3,"sr":1,"ks":{"o":{"a":0,"k":100,"ix":11},"r":{"a":0,"k":0,"ix":10},"p":{"a":0,"k":[0,38.381,0],"ix":2,"l":2},"a":{"a":0,"k":[250,288.381,0],"ix":1,"l":2},"s":{"a":0,"k":[100,100,100],"ix":6,"l":2}},"ao":0,"shapes":[{"ty":"gr","it":[{"ind":0,"ty":"sh","ix":1,"ks":{"a":1,"k":[{"i":{"x":0.667,"y":1},"o":{"x":0.333,"y":0},"t":0,"s":[{"i":[[7.437,0],[0,0],[0,7.437],[0,0],[-7.437,0],[0,0],[0,-7.437],[0,0]],"o":[[0,0],[-7.437,0],[0,0],[0,-7.437],[0,0],[7.437,0],[0,0],[0,7.437]],"v":[[22.422,15.012],[-22.422,15.012],[-35.944,1.49],[-35.944,-1.49],[-22.422,-15.012],[22.422,-15.012],[35.944,-1.49],[35.944,1.49]],"c":true}]},{"i":{"x":0.667,"y":1},"o":{"x":0.333,"y":0},"t":5,"s":[{"i":[[7.437,0],[0,0],[0,7.437],[0,0],[-7.437,0],[0,0],[0,-7.437],[0,0]],"o":[[0,0],[-7.437,0],[0,0],[0,-7.437],[0,0],[7.437,0],[0,0],[0,7.437]],"v":[[27.478,20.012],[-27.366,20.012],[-40.888,6.49],[-40.888,3.51],[-27.366,-10.012],[27.478,-10.012],[41,3.51],[41,6.49]],"c":true}]},{"i":{"x":0.667,"y":1},"o":{"x":0.167,"y":0},"t":13,"s":[{"i":[[7.437,0],[0,0],[0,7.437],[0,0],[-7.437,0],[0,0],[0,-7.437],[0,0]],"o":[[0,0],[-7.437,0],[0,0],[0,-7.437],[0,0],[7.437,0],[0,0],[0,7.437]],"v":[[22.422,15.012],[-22.422,15.012],[-35.944,1.49],[-35.944,-1.49],[-22.422,-15.012],[22.422,-15.012],[35.944,-1.49],[35.944,1.49]],"c":true}]},{"i":{"x":0.667,"y":1},"o":{"x":0.333,"y":0},"t":25,"s":[{"i":[[7.437,0],[0,0],[0,7.437],[0,0],[-7.437,0],[0,0],[0,-7.437],[0,0]],"o":[[0,0],[-7.437,0],[0,0],[0,-7.437],[0,0],[7.437,0],[0,0],[0,7.437]],"v":[[22.422,15.012],[-22.422,15.012],[-35.944,1.49],[-35.944,-1.49],[-22.422,-15.012],[22.422,-15.012],[35.944,-1.49],[35.944,1.49]],"c":true}]},{"i":{"x":0.667,"y":1},"o":{"x":0.333,"y":0},"t":30,"s":[{"i":[[7.437,0],[0,0],[0,7.437],[0,0],[-7.437,0],[0,0],[0,-7.437],[0,0]],"o":[[0,0],[-7.437,0],[0,0],[0,-7.437],[0,0],[7.437,0],[0,0],[0,7.437]],"v":[[27.478,20.012],[-27.366,20.012],[-40.888,6.49],[-40.888,3.51],[-27.366,-10.012],[27.478,-10.012],[41,3.51],[41,6.49]],"c":true}]},{"i":{"x":0.667,"y":1},"o":{"x":0.167,"y":0},"t":38,"s":[{"i":[[7.437,0],[0,0],[0,7.437],[0,0],[-7.437,0],[0,0],[0,-7.437],[0,0]],"o":[[0,0],[-7.437,0],[0,0],[0,-7.437],[0,0],[7.437,0],[0,0],[0,7.437]],"v":[[22.422,15.012],[-22.422,15.012],[-35.944,1.49],[-35.944,-1.49],[-22.422,-15.012],[22.422,-15.012],[35.944,-1.49],[35.944,1.49]],"c":true}]},{"i":{"x":0.667,"y":1},"o":{"x":0.333,"y":0},"t":53,"s":[{"i":[[7.437,0],[0,0],[0,7.437],[0,0],[-7.437,0],[0,0],[0,-7.437],[0,0]],"o":[[0,0],[-7.437,0],[0,0],[0,-7.437],[0,0],[7.437,0],[0,0],[0,7.437]],"v":[[22.422,15.012],[-22.422,15.012],[-35.944,1.49],[-35.944,-1.49],[-22.422,-15.012],[22.422,-15.012],[35.944,-1.49],[35.944,1.49]],"c":true}]},{"i":{"x":0.667,"y":1},"o":{"x":0.333,"y":0},"t":58,"s":[{"i":[[7.437,0],[0,0],[0,7.437],[0,0],[-7.437,0],[0,0],[0,-7.437],[0,0]],"o":[[0,0],[-7.437,0],[0,0],[0,-7.437],[0,0],[7.437,0],[0,0],[0,7.437]],"v":[[27.478,20.012],[-27.366,20.012],[-40.888,6.49],[-40.888,3.51],[-27.366,-10.012],[27.478,-10.012],[41,3.51],[41,6.49]],"c":true}]},{"i":{"x":0.667,"y":1},"o":{"x":0.333,"y":0},"t":63,"s":[{"i":[[7.437,0],[0,0],[0,7.437],[0,0],[-7.437,0],[0,0],[0,-7.437],[0,0]],"o":[[0,0],[-7.437,0],[0,0],[0,-7.437],[0,0],[7.437,0],[0,0],[0,7.437]],"v":[[22.422,15.012],[-22.422,15.012],[-35.944,1.49],[-35.944,-1.49],[-22.422,-15.012],[22.422,-15.012],[35.944,-1.49],[35.944,1.49]],"c":true}]},{"i":{"x":0.667,"y":1},"o":{"x":0.333,"y":0},"t":68,"s":[{"i":[[7.437,0],[0,0],[0,7.437],[0,0],[-7.437,0],[0,0],[0,-7.437],[0,0]],"o":[[0,0],[-7.437,0],[0,0],[0,-7.437],[0,0],[7.437,0],[0,0],[0,7.437]],"v":[[27.478,20.012],[-27.366,20.012],[-40.888,6.49],[-40.888,3.51],[-27.366,-10.012],[27.478,-10.012],[41,3.51],[41,6.49]],"c":true}]},{"t":76,"s":[{"i":[[7.437,0],[0,0],[0,7.437],[0,0],[-7.437,0],[0,0],[0,-7.437],[0,0]],"o":[[0,0],[-7.437,0],[0,0],[0,-7.437],[0,0],[7.437,0],[0,0],[0,7.437]],"v":[[22.422,15.012],[-22.422,15.012],[-35.944,1.49],[-35.944,-1.49],[-22.422,-15.012],[22.422,-15.012],[35.944,-1.49],[35.944,1.49]],"c":true}]}],"ix":2},"nm":"Path 1","mn":"ADBE Vector Shape - Group","hd":false},{"ty":"st","c":{"a":0,"k":[0.070588238537,0.074509806931,0.192156866193,1],"ix":3,"x":"var $bm_rt;\n$bm_rt = comp('1054-amazon-echo-speaker-outline').layer('Color & Stroke Change').effect('Secondary')('Color');"},"o":{"a":0,"k":100,"ix":4},"w":{"a":0,"k":12,"ix":5,"x":"var $bm_rt;\n$bm_rt = $bm_mul($bm_div(value, 70), comp('1054-amazon-echo-speaker-outline').layer('Color & Stroke Change').effect('Stroke')('Slider'));"},"lc":2,"lj":2,"bm":0,"nm":"Stroke 1","mn":"ADBE Vector Graphic - Stroke","hd":false},{"ty":"tr","p":{"a":0,"k":[250,334.571],"ix":2},"a":{"a":0,"k":[0,0],"ix":1},"s":{"a":0,"k":[100,100],"ix":3},"r":{"a":0,"k":0,"ix":6},"o":{"a":0,"k":100,"ix":7},"sk":{"a":0,"k":0,"ix":4},"sa":{"a":0,"k":0,"ix":5},"nm":"Transform"}],"nm":"Group 1","np":2,"cix":2,"bm":0,"ix":1,"mn":"ADBE Vector Group","hd":false},{"ty":"gr","it":[{"ind":0,"ty":"sh","ix":1,"ks":{"a":1,"k":[{"i":{"x":0.667,"y":1},"o":{"x":0.333,"y":0},"t":0,"s":[{"i":[[0,-32.726],[0,0],[98.753,0],[0,41.045],[0,0],[-81.809,0]],"o":[[0,0],[0,41.97],[-98.753,0],[0,0],[0,-32.726],[81.809,0]],"v":[[148.131,-45.039],[148.131,28.395],[0,95.052],[-148.131,29.32],[-148.131,-45.039],[0,-95.052]],"c":true}]},{"i":{"x":0.667,"y":1},"o":{"x":0.333,"y":0},"t":5,"s":[{"i":[[0,-32.726],[0,0],[98.753,0],[0,41.045],[0,0],[-81.809,0]],"o":[[0,0],[0,41.97],[-98.753,0],[0,0],[0,-32.726],[81.809,0]],"v":[[153.261,-35.539],[153.131,28.395],[0,95.052],[-153.131,29.32],[-153,-35.539],[0.131,-85.552]],"c":true}]},{"i":{"x":0.667,"y":1},"o":{"x":0.167,"y":0},"t":13,"s":[{"i":[[0,-32.726],[0,0],[98.753,0],[0,41.045],[0,0],[-81.809,0]],"o":[[0,0],[0,41.97],[-98.753,0],[0,0],[0,-32.726],[81.809,0]],"v":[[148.131,-45.039],[148.131,28.395],[0,95.052],[-148.131,29.32],[-148.131,-45.039],[0,-95.052]],"c":true}]},{"i":{"x":0.667,"y":1},"o":{"x":0.333,"y":0},"t":25,"s":[{"i":[[0,-32.726],[0,0],[98.753,0],[0,41.045],[0,0],[-81.809,0]],"o":[[0,0],[0,41.97],[-98.753,0],[0,0],[0,-32.726],[81.809,0]],"v":[[148.131,-45.039],[148.131,28.395],[0,95.052],[-148.131,29.32],[-148.131,-45.039],[0,-95.052]],"c":true}]},{"i":{"x":0.667,"y":1},"o":{"x":0.333,"y":0},"t":30,"s":[{"i":[[0,-32.726],[0,0],[98.753,0],[0,41.045],[0,0],[-81.809,0]],"o":[[0,0],[0,41.97],[-98.753,0],[0,0],[0,-32.726],[81.809,0]],"v":[[153.261,-35.539],[153.131,28.395],[0,95.052],[-153.131,29.32],[-153,-35.539],[0.131,-85.552]],"c":true}]},{"i":{"x":0.667,"y":1},"o":{"x":0.167,"y":0},"t":38,"s":[{"i":[[0,-32.726],[0,0],[98.753,0],[0,41.045],[0,0],[-81.809,0]],"o":[[0,0],[0,41.97],[-98.753,0],[0,0],[0,-32.726],[81.809,0]],"v":[[148.131,-45.039],[148.131,28.395],[0,95.052],[-148.131,29.32],[-148.131,-45.039],[0,-95.052]],"c":true}]},{"i":{"x":0.667,"y":1},"o":{"x":0.333,"y":0},"t":53,"s":[{"i":[[0,-32.726],[0,0],[98.753,0],[0,41.045],[0,0],[-81.809,0]],"o":[[0,0],[0,41.97],[-98.753,0],[0,0],[0,-32.726],[81.809,0]],"v":[[148.131,-45.039],[148.131,28.395],[0,95.052],[-148.131,29.32],[-148.131,-45.039],[0,-95.052]],"c":true}]},{"i":{"x":0.667,"y":1},"o":{"x":0.333,"y":0},"t":58,"s":[{"i":[[0,-32.726],[0,0],[98.753,0],[0,41.045],[0,0],[-81.809,0]],"o":[[0,0],[0,41.97],[-98.753,0],[0,0],[0,-32.726],[81.809,0]],"v":[[153.261,-35.539],[153.131,28.395],[0,95.052],[-153.131,29.32],[-153,-35.539],[0.131,-85.552]],"c":true}]},{"i":{"x":0.667,"y":1},"o":{"x":0.333,"y":0},"t":63,"s":[{"i":[[0,-32.726],[0,0],[98.753,0],[0,41.045],[0,0],[-81.809,0]],"o":[[0,0],[0,41.97],[-98.753,0],[0,0],[0,-32.726],[81.809,0]],"v":[[148.131,-45.039],[148.131,28.395],[0,95.052],[-148.131,29.32],[-148.131,-45.039],[0,-95.052]],"c":true}]},{"i":{"x":0.667,"y":1},"o":{"x":0.333,"y":0},"t":68,"s":[{"i":[[0,-32.726],[0,0],[98.753,0],[0,41.045],[0,0],[-81.809,0]],"o":[[0,0],[0,41.97],[-98.753,0],[0,0],[0,-32.726],[81.809,0]],"v":[[153.261,-35.539],[153.131,28.395],[0,95.052],[-153.131,29.32],[-153,-35.539],[0.131,-85.552]],"c":true}]},{"t":76,"s":[{"i":[[0,-32.726],[0,0],[98.753,0],[0,41.045],[0,0],[-81.809,0]],"o":[[0,0],[0,41.97],[-98.753,0],[0,0],[0,-32.726],[81.809,0]],"v":[[148.131,-45.039],[148.131,28.395],[0,95.052],[-148.131,29.32],[-148.131,-45.039],[0,-95.052]],"c":true}]}],"ix":2},"nm":"Path 1","mn":"ADBE Vector Shape - Group","hd":false},{"ty":"st","c":{"a":0,"k":[0.070588238537,0.074509806931,0.192156866193,1],"ix":3,"x":"var $bm_rt;\n$bm_rt = comp('1054-amazon-echo-speaker-outline').layer('Color & Stroke Change').effect('Secondary')('Color');"},"o":{"a":0,"k":100,"ix":4},"w":{"a":0,"k":12,"ix":5,"x":"var $bm_rt;\n$bm_rt = $bm_mul($bm_div(value, 70), comp('1054-amazon-echo-speaker-outline').layer('Color & Stroke Change').effect('Stroke')('Slider'));"},"lc":2,"lj":2,"bm":0,"nm":"Stroke 1","mn":"ADBE Vector Graphic - Stroke","hd":false},{"ty":"tr","p":{"a":0,"k":[250,288.381],"ix":2},"a":{"a":0,"k":[0,0],"ix":1},"s":{"a":0,"k":[100,100],"ix":3},"r":{"a":0,"k":0,"ix":6},"o":{"a":0,"k":100,"ix":7},"sk":{"a":0,"k":0,"ix":4},"sa":{"a":0,"k":0,"ix":5},"nm":"Transform"}],"nm":"Group 2","np":2,"cix":2,"bm":0,"ix":2,"mn":"ADBE Vector Group","hd":false},{"ty":"gr","it":[{"ind":0,"ty":"sh","ix":1,"ks":{"a":1,"k":[{"i":{"x":0.667,"y":1},"o":{"x":0.333,"y":0},"t":0,"s":[{"i":[[0,0],[-81.81,0],[0,25.575]],"o":[[0,25.575],[81.81,0],[0,0]],"v":[[-148.13,-23.154],[0,23.154],[148.13,-23.154]],"c":false}]},{"i":{"x":0.667,"y":1},"o":{"x":0.333,"y":0},"t":5,"s":[{"i":[[0,0],[-81.81,0],[0,25.575]],"o":[[0,25.575],[81.81,0],[0,0]],"v":[[-152.999,-13.654],[0.131,32.654],[153.261,-13.654]],"c":false}]},{"i":{"x":0.667,"y":1},"o":{"x":0.167,"y":0},"t":13,"s":[{"i":[[0,0],[-81.81,0],[0,25.575]],"o":[[0,25.575],[81.81,0],[0,0]],"v":[[-148.13,-23.154],[0,23.154],[148.13,-23.154]],"c":false}]},{"i":{"x":0.667,"y":1},"o":{"x":0.333,"y":0},"t":25,"s":[{"i":[[0,0],[-81.81,0],[0,25.575]],"o":[[0,25.575],[81.81,0],[0,0]],"v":[[-148.13,-23.154],[0,23.154],[148.13,-23.154]],"c":false}]},{"i":{"x":0.667,"y":1},"o":{"x":0.333,"y":0},"t":30,"s":[{"i":[[0,0],[-81.81,0],[0,25.575]],"o":[[0,25.575],[81.81,0],[0,0]],"v":[[-152.999,-13.654],[0.131,32.654],[153.261,-13.654]],"c":false}]},{"i":{"x":0.667,"y":1},"o":{"x":0.167,"y":0},"t":38,"s":[{"i":[[0,0],[-81.81,0],[0,25.575]],"o":[[0,25.575],[81.81,0],[0,0]],"v":[[-148.13,-23.154],[0,23.154],[148.13,-23.154]],"c":false}]},{"i":{"x":0.667,"y":1},"o":{"x":0.333,"y":0},"t":53,"s":[{"i":[[0,0],[-81.81,0],[0,25.575]],"o":[[0,25.575],[81.81,0],[0,0]],"v":[[-148.13,-23.154],[0,23.154],[148.13,-23.154]],"c":false}]},{"i":{"x":0.667,"y":1},"o":{"x":0.333,"y":0},"t":58,"s":[{"i":[[0,0],[-81.81,0],[0,25.575]],"o":[[0,25.575],[81.81,0],[0,0]],"v":[[-152.999,-13.654],[0.131,32.654],[153.261,-13.654]],"c":false}]},{"i":{"x":0.667,"y":1},"o":{"x":0.333,"y":0},"t":63,"s":[{"i":[[0,0],[-81.81,0],[0,25.575]],"o":[[0,25.575],[81.81,0],[0,0]],"v":[[-148.13,-23.154],[0,23.154],[148.13,-23.154]],"c":false}]},{"i":{"x":0.667,"y":1},"o":{"x":0.333,"y":0},"t":68,"s":[{"i":[[0,0],[-81.81,0],[0,25.575]],"o":[[0,25.575],[81.81,0],[0,0]],"v":[[-152.999,-13.654],[0.131,32.654],[153.261,-13.654]],"c":false}]},{"t":76,"s":[{"i":[[0,0],[-81.81,0],[0,25.575]],"o":[[0,25.575],[81.81,0],[0,0]],"v":[[-148.13,-23.154],[0,23.154],[148.13,-23.154]],"c":false}]}],"ix":2},"nm":"Path 1","mn":"ADBE Vector Shape - Group","hd":false},{"ty":"st","c":{"a":0,"k":[0.031372550875,0.658823549747,0.541176497936,1],"ix":3,"x":"var $bm_rt;\n$bm_rt = comp('1054-amazon-echo-speaker-outline').layer('Color & Stroke Change').effect('Primary')('Color');"},"o":{"a":0,"k":100,"ix":4},"w":{"a":0,"k":12,"ix":5,"x":"var $bm_rt;\n$bm_rt = $bm_mul($bm_div(value, 70), comp('1054-amazon-echo-speaker-outline').layer('Color & Stroke Change').effect('Stroke')('Slider'));"},"lc":2,"lj":2,"bm":0,"nm":"Stroke 1","mn":"ADBE Vector Graphic - Stroke","hd":false},{"ty":"tr","p":{"a":0,"k":[250,263.657],"ix":2},"a":{"a":0,"k":[0,0],"ix":1},"s":{"a":0,"k":[100,100],"ix":3},"r":{"a":0,"k":0,"ix":6},"o":{"a":0,"k":100,"ix":7},"sk":{"a":0,"k":0,"ix":4},"sa":{"a":0,"k":0,"ix":5},"nm":"Transform"}],"nm":"Group 3","np":2,"cix":2,"bm":0,"ix":3,"mn":"ADBE Vector Group","hd":false}],"ip":0,"op":844,"st":0,"bm":0}],"markers":[]}