{"BNB":"BNB","USD":"US dollar","EUR":"Euro","GBP":"Britse pond sterling","AUD":"Australische dollar","CAD":"Canadese dollar","CHF":"Zwitserse frank","PLN":"Poolse Zloty","CZK":"Tsjechische Republiek Koruna","INR":"Indiase roepie","IDR":"Indonesische roepia","JPY":"Japanse Yen","CNY":"Chinese Yuan","UAH":"Oekraïense Hryvnia","AED":"Dirham, Verenigde Arabische Emiraten","AFN":"Afghaanse Afghani","ALL":"Albanese lek","AMD":"Armeense Dram","ANG":"Antilliaanse gulden","AOA":"Angolees Kwanza","ARS":"Argentijnse peso","AWG":"Aruban Florin","AZN":"Azerbeidzjaans Manat","BAM":"Bosnia-Herzegovina Convertible Mark","BBD":"Barbadiaanse dollar","BDT":"Bengaalse Taka","BGN":"Bulgaarse Lev","BHD":"Bahreinse Dinar","BIF":"Burundische Frank","BMD":"Bermuda-dollar","BND":"Brunei Dollar","BOB":"Boliviaanse Boliviano","BRL":"Braziliaanse real","BSD":"Bahamaanse dollar","BTC":"Bitcoin","BTN":"Bhutanese nultrum","BTS":"BitShares","BWP":"Botswana Pula","BYN":"Wit-Russische roebel","BZD":"Belize Dollar","CDF":"Congolese Frank","CLF":"Chileense rekeneenheid (UF)","CLP":"Chileense peso","CNH":"Chinese Yuan (Offshore)","COP":"Colombiaanse Peso","CRC":"Costa Ricaanse Colón","CUC":"Cubaanse converteerbare peso","CUP":"Cubaanse peso","CVE":"Kaapverdische Escudo","DASH":"Dash","DJF":"Djiboutiaanse Frank","DKK":"Deense kroon","DOGE":"Dogecoin","DOP":"Dominicaanse Peso","DZD":"Algerijnse dinar","EAC":"EarthCoin","EGP":"Egyptische pond","EMC":"Emercoin","ERN":"Eritrese Nakfa","ETB":"Ethiopische Birr","ETH":"Ethereum","FCT":"Factom","FJD":"Fijian Dollar","FKP":"Falkland Islands Pound","FTC":"Feathercoin","GEL":"Georgische Lari","GGP":"Guernsey Pound","GHS":"Ghanese Cedi","GIP":"Gibraltar Pound","GMD":"Gambiaanse Dalasi","GNF":"Guinese Frank","GTQ":"Guatemalteekse Quetzal","GYD":"Guyanese Dollar","HKD":"Hong Kong dollar","HNL":"Hondurese Lempira","HRK":"Kroatische Kuna","HTG":"Haïtiaanse Gourde","HUF":"Hongaarse forint","ILS":"Israëlische New Sheqel","IMP":"Manx pond","IQD":"Iraakse Dinar","IRR":"Iraanse rial","ISK":"IJslandse Króna","JEP":"Jersey Pound","JMD":"Jamaicaanse Dollar","JOD":"Jordaanse dinar","KES":"Keniaanse Shilling","KGS":"Kirgizië Som","KHR":"Cambodjaanse Riel","KMF":"Comorese Frank","KPW":"Noord-Koreaanse won","KRW":"Zuid-Koreaanse Won","KWD":"Koeweitse dinar","KYD":"Cayman Islands Dollar","KZT":"Tenge van Kazachstan","LAK":"Laotiaanse Kip","LBP":"Libanees pond","LD":"Linden Dollar","LKR":"Sri Lankaanse Roepie","LRD":"Liberiaanse Dollar","LSL":"Lesotho Loti","LTC":"LiteCoin","LYD":"Libische dinar","MAD":"Marokkaanse Dirham","MDL":"Moldavische Leu","MGA":"Malaria Ariary","MKD":"Macedonische Denar","MMK":"Myanma Kyat","MNT":"Mongoolse Tugrik","MOP":"Macanese Pataca","MRO":"Mauritaanse Ouguiya (pre-2018)","MRU":"Mauritaanse Ouguiya","MUR":"Mauritiaanse Roepie","MVR":"Maldivische Rufiyaa","MWK":"Malawische kwacha","MXN":"Mexicaanse peso","MYR":"Maleisische ringgit","MZN":"Mozambikaans Metical","NAD":"Namibische dollar","NGN":"Nigeriaanse Naira","NIO":"Nicaraguan Córdoba","NMC":"Namecoin","NOK":"Noorse kroon","NPR":"Nepalese roepie","NVC":"NovaCoin","NXT":"Nxt","NZD":"Nieuw-Zeelandse dollar","OMR":"Omaanse Rial","PAB":"Panamese Balboa","PEN":"Peruviaanse Nuevo Sol","PGK":"Papoea-Nieuw-Guinea Kina","PHP":"Filippijnse Peso","PKR":"Pakistaanse roepie","PPC":"Peercoin","PYG":"Paraguayaanse Guarani","QAR":"Qatari Rial","RON":"Roemeense Leu","RSD":"Servische dinar","RUB":"Russische roebel","RWF":"Rwandese Frank","SAR":"Saudi Riyal","SBD":"Salomonseilanden Dollar","SCR":"Seychellois Rupee","SDG":"Sudanese pond","SEK":"Zweedse kroon","SGD":"Singapore dollar","SHP":"Sint-Helena Pound","SLL":"Sierra Leonean Leone","SOS":"Somalische shilling","SRD":"Surinaamse dollar","SSP":"Zuid-Sudanese pond","STD":"São Tomé en Príncipe Dobra (pre-2018)","STN":"São Tomé en Príncipe Dobra","STR":"Stellar","SVC":"Salvadoran Colón","SYP":"Syrische pond","SZL":"Swazi Lilangeni","THB":"Thaise Baht","TJS":"Tajikistani Somoni","TMT":"Turkmenistani Manat","TND":"Tunesische Dinar","TOP":"Tongaanse Pa'anga","TRY":"Turkse Lira","TTD":"Trinidad en Tobago Dollar","TWD":"Nieuwe Taiwanese dollar","TZS":"Tanzaniaanse Shilling","UGX":"Oegandese Shilling","UYU":"Uruguayaanse peso","UZS":"Oezbekistan Som","VEF":"Venezolaanse Bolívar Fuerte (oud)","VEF_BLKMKT":"Venezolaanse Bolívar (zwarte markt)","VEF_DICOM":"Venezolaanse Bolívar (DICOM)","VEF_DIPRO":"Venezolaanse Bolívar (DIPRO)","VES":"Venezolaanse Bolívar Soberano","VND":"Vietnamese Dong","VTC":"VertCoin","VUV":"Vanuatu Vatu","WST":"Samoan Tala","XAF":"CFA Franc BEAC","XAG":"Silver Ounce","XAU":"Gold Ounce","XCD":"Oost-Caribische Dollar","XDR":"Speciale teken rechten","XMR":"Monero","XOF":"CFA Franc BCEAO","XPD":"Palladium Ounce","XPF":"CFP Franc","XPM":"Primecoin","XPT":"Platinum Ounce","XRP":"Ripple","YER":"Jemenitische Rial","ZAR":"Zuid-Afrikaanse Rand","ZMW":"Zambiaanse Kwacha","ZWL":"Zimbabwaanse dollar"}