{"BNB":"BNB","USD":"अमेरिकी डॉलर","EUR":"यूरो","GBP":"ब्रिटिश पाउंड स्टर्लिंग","AUD":"ऑस्ट्रलियन डॉलर","CAD":"कैनेडियन डॉलर","CHF":"स्विस फ्रैंक","PLN":"पोलिश ज़्लॉटी","CZK":"चेक गणराज्य कोरुना","INR":"भारतीय रुपया","IDR":"इंडोनेशियाई रुपिया","JPY":"जापानी येन","CNY":"चीनी युवान","UAH":"यूक्रेनी रिव्निया","AED":"संयुक्त अरब अमीरात दिरहम","AFN":"अफगानी अफगानी","ALL":"अल्बानियाई लेक","AMD":"अर्मेनियाई नाटक","ANG":"नीदरलैंड एंटिलियन गिल्डर","AOA":"अंगोलन कवनजा","ARS":"अर्जेंटीना पेसो","AWG":"अरुबन फ्लोरिन","AZN":"अजरबैज मनत","BAM":"बोस्निया-हर्ज़ेगोविना कन्वर्टिबल मार्क","BBD":"बारबाडियन डॉलर","BDT":"बांग्लादेशी टका","BGN":"बल्गेरियाई लेव","BHD":"बहरीन दीनार","BIF":"बुरुंडियन फ्रैंक","BMD":"बरमुडन डॉलर","BND":"ब्रुनेई डॉलर","BOB":"बोलिवियाई बोलिवियानो","BRL":"ब्राजीली रियल","BSD":"बहमन डॉलर","BTC":"Bitcoin","BTN":"भूटानी नंगलट्रम","BTS":"BitShares","BWP":"बोत्सवाना पुला","BYN":"बेलारूसी रूबल","BZD":"बेलीज डॉलर","CDF":"कांगोलेस फ्रैंक","CLF":"चिली यूनिट ऑफ अकाउंट (यूएफ)","CLP":"चिली पेसो","CNH":"चीनी युआन (अपतटीय)","COP":"कोलम्बियाई पेसो","CRC":"कोस्टा रिकान कोलोन","CUC":"क्यूबा परिवर्तनीय पेसो","CUP":"क्यूबा के पेसो","CVE":"केप वर्दीन एस्कोडो","DASH":"Dash","DJF":"जिबूती फ्रैंक","DKK":"डेनिश क्रोन","DOGE":"Dogecoin","DOP":"डोमिनिकन पेसो","DZD":"अल्जीरियाई दीनार","EAC":"EarthCoin","EGP":"मिस्री पाउण्ड","EMC":"Emercoin","ERN":"इरिट्रिया नकाफा","ETB":"इथियोपिया का सिरका","ETH":"Ethereum","FCT":"Factom","FJD":"फिजियन डॉलर","FKP":"फ़ॉकलैंड द्वीप पौंड","FTC":"Feathercoin","GEL":"जॉर्जियाई लारी","GGP":"ग्वेर्नसे पाउंड","GHS":"घाना के सेडी","GIP":"जिब्राल्टर पाउंड","GMD":"जुआरी दलसी","GNF":"गिनीयन फ्रैंक","GTQ":"ग्वाटेमाला क्वेटज़ल","GYD":"गुयाना डॉलर","HKD":"होन्ग कोंग डॉलर","HNL":"होंडुरन लेम्पिरा","HRK":"क्रोएशियाई कुना","HTG":"हाईटियन लौकी","HUF":"हंगेरियन फ़ोरिंट","ILS":"इज़राइली न्यू शेकेल","IMP":"मैंक्स पाउंड","IQD":"इराकी दिनार","IRR":"ईरानी रियाल","ISK":"आइसलैंडिक क्रोन","JEP":"जर्सी पाउंड","JMD":"जमैका डॉलर","JOD":"जॉर्डन के दीनार","KES":"केन्याई शिलिंग","KGS":"किर्गिस्टानी सोम","KHR":"कंबोडियन रिएल","KMF":"कोमोरियन फ्रैंक","KPW":"उत्तर कोरियाई वोन","KRW":"दक्षिण कोरियाई वोन","KWD":"कुवैती दीनार","KYD":"केमैन आइलैंड्स डॉलर","KZT":"कज़ाकिस्तान तांगे","LAK":"लोटियन किप","LBP":"लेबनानी पाउंड","LD":"Linden Dollar","LKR":"श्रीलंका का रुपया","LRD":"लाइबेरियन डॉलर","LSL":"लेसोथो लोटी","LTC":"LiteCoin","LYD":"लीबिया के दीनार","MAD":"मोरक्कन दिरहम","MDL":"मोल्दोवन लेउ","MGA":"मालागासी अरीरी","MKD":"मकदूनियाई डेनार","MMK":"म्यांमा कयट","MNT":"मंगोलियाई तुगरिक","MOP":"मकानी पटका","MRO":"मॉरिटानियन ओगुइया (2018 से पहले)","MRU":"मॉरिटानियन ओगुइया","MUR":"मॉरीशस रुपया","MVR":"मालदीवियन रूफिया","MWK":"मलावियन क्वाचा","MXN":"मैक्सिकन पेसो","MYR":"मलेशियाई रिंग्गित","MZN":"मोजाम्बिक मेटिकल","NAD":"नामीबियाई डालर","NGN":"नाइजीरियाई नायरा","NIO":"निकारागुआ कोर्डोबा","NMC":"Namecoin","NOK":"नॉर्वेजियन क्रोन","NPR":"नेपाली रुपया","NVC":"NovaCoin","NXT":"Nxt","NZD":"न्यूजीलैंड डॉलर","OMR":"ओमानी रियाल","PAB":"पनामानियन बाल्बोआ","PEN":"पेरुवियन नुवो सोल","PGK":"पापुआ न्यू गिनी कीना","PHP":"फिलीपीन पेसो","PKR":"पाकिस्तानी रुपया","PPC":"Peercoin","PYG":"परागुअन गुआरानी","QAR":"कतरी रियाल","RON":"रोमानियाई ल्यू","RSD":"सर्बियाई दीनार","RUB":"रूसी रूबल","RWF":"रवांडन फ्रैंक","SAR":"सउदी रियाल","SBD":"सोलोमन द्वीप डॉलर","SCR":"सेशेल्लोइस रुपया","SDG":"सूडानी पाउंड","SEK":"स्वीडिश क्रोना","SGD":"सिंगापुर का डॉलर","SHP":"सेंट हेलेना पाउंड","SLL":"सिएरा लियोनियन लियोन","SOS":"सोमाली शिलिंग","SRD":"सूरीनामी डॉलर","SSP":"दक्षिण सूडानी पाउंड","STD":"साओ तोमे और प्रिंसिपे डोबरा (2018 से पहले)","STN":"साओ टोमे और प्रिंसिपे डोबरा","STR":"Stellar","SVC":"सल्वाडोरन कोलोन","SYP":"सीरियाई पाउंड","SZL":"स्वाज़ी लीलांगनी","THB":"थाईलैण्ड की मुद्रा","TJS":"तज़िस्तानी सोमोनी","TMT":"तुर्कमेनिस्तानी मनत","TND":"ट्यूनीशियाई दीनार","TOP":"टोंगन पंगा","TRY":"तुर्की लीरा","TTD":"त्रिनिदाद और टोबैगो डॉलर","TWD":"न्यू ताइवान डॉलर","TZS":"तंजानिया शिलिंग","UGX":"युगांडा शिलिंग","UYU":"उरुग्वयन पेसो","UZS":"उज्बेकिस्तान सोम","VEF":"वेनेजुएला के बोलिवर फुर्ते (पुराने)","VEF_BLKMKT":"वेनेजुएला बोलिवर (काला बाज़ार)","VEF_DICOM":"वेनेजुएला बोलिवर (DICOM)","VEF_DIPRO":"वेनेजुएला बोलिवर (DIPRO)","VES":"वेनेजुएला बोलिवर सोबरानो","VND":"वियतनामी डोंग","VTC":"VertCoin","VUV":"वनतु वतु","WST":"समोआ ताल","XAF":"CFA फ्रैंक BEAC","XAG":"चाँदी का ऊँ","XAU":"सोने का औंस","XCD":"पूर्वी कैरेबियाई डॉलर","XDR":"विशेष रेखा - चित्र अधिकार","XMR":"Monero","XOF":"पश्चिमी अफ़्रीकी CFA फ्रैंक","XPD":"पैलेडियम औंस","XPF":"सीएफपी फ्रैंक","XPM":"Primecoin","XPT":"प्लेटिनम औंस","XRP":"Ripple","YER":"येमेनी रियाल","ZAR":"दक्षिण अफ्रीकी रैंड","ZMW":"जाम्बियन क्वाचा","ZWL":"जिम्बाब्वे डॉलर"}