{"BNB":"BNB","USD":"Dólar americano","EUR":"Euro","GBP":"Libra esterlina britânica","AUD":"Dólar australiano","CAD":"Dólar canadense","CHF":"Franco suíço","PLN":"Zloty polonês","CZK":"Koruna da República Checa","INR":"Rupia indiana","IDR":"Rupia indonésia","JPY":"Yen japonês","CNY":"Yuan chinês","UAH":"Hryvnia ucraniana","AED":"Dirham dos Emirados Árabes Unidos","AFN":"Afegão afegão","ALL":"Lek albanês","AMD":"Dram armênio","ANG":"Guilder das Antilhas Holandesas","AOA":"Kwanza Angolano","ARS":"Peso argentino","AWG":"Florim de Aruba","AZN":"Manat azerbaijano","BAM":"Marco Convertível da Bósnia-Herzegovina","BBD":"Dólar de Barbados","BDT":"Taka de Bangladesh","BGN":"Lev búlgaro","BHD":"Dinar do Bahrein","BIF":"Franco do Burundi","BMD":"Dólar das Bermudas","BND":"Dólar de Brunei","BOB":"Boliviano boliviano","BRL":"Real brasileiro","BSD":"Dólar das Bahamas","BTC":"Bitcoin","BTN":"Ngultrum do Butão","BTS":"BitShares","BWP":"Pula do Botswana","BYN":"Rublo bielorrusso","BZD":"Dólar de Belize","CDF":"Franco congolês","CLF":"Unidade de Conta Chilena (UF)","CLP":"Peso chileno","CNH":"Yuan Chinês (Offshore)","COP":"Peso colombiano","CRC":"Colón Costarriquenho","CUC":"Peso conversível cubano","CUP":"Peso cubano","CVE":"Escudo cabo-verdiano","DASH":"Dash","DJF":"Franco do Djibout","DKK":"Coroa dinamarquesa","DOGE":"DogeCoin","DOP":"Peso dominicano","DZD":"Dinar argelino","EAC":"EarthCoin","EGP":"Libra egípcia","EMC":"Emercoin","ERN":"Eritreia Nakfa","ETB":"Birr etíope","ETH":"Ethereum","FCT":"Factom","FJD":"Dólar fijiano","FKP":"Libra das Ilhas Falkland","FTC":"Feathercoin","GEL":"Lari georgiano","GGP":"Libra de Guernsey","GHS":"Cedi ganês","GIP":"Libra De Gibraltar","GMD":"Dalasi gambiano","GNF":"Franco guineense","GTQ":"Quetzal guatemalteco","GYD":"Dólar guianês","HKD":"Dólar de Hong Kong","HNL":"Lempira hondurenha","HRK":"Kuna Croata","HTG":"Gourde haitiano","HUF":"Forint húngaro","ILS":"Sheqel novo israelense","IMP":"Libra manx","IQD":"Dinar iraquiano","IRR":"Rial iraniano","ISK":"Krona islandesa","JEP":"Libra de Jersey","JMD":"Dólar jamaicano","JOD":"Dinar jordaniano","KES":"Xelim do Quênia","KGS":"Som quirguistanês","KHR":"Riel cambojano","KMF":"Franco Comoriano","KPW":"Won norte-coreano","KRW":"Won sul-coreano","KWD":"Dinar do Kuwait","KYD":"Dólar das Ilhas Caimã","KZT":"Tenge cazaquistanês","LAK":"Kip Laosiano","LBP":"Libra libanesa","LD":"Linden Dollar","LKR":"Rupia do Sri Lanka","LRD":"Dólar liberiano","LSL":"Loti do Lesoto","LTC":"LiteCoin","LYD":"Dinar da Líbia","MAD":"Dirham marroquino","MDL":"Leu da Moldávia","MGA":"Ariary malgaxe","MKD":"Denar macedônio","MMK":"Myanma Kyat","MNT":"Tugrik mongol","MOP":"Pataca Macaense","MRO":"Ouguiya mauritana (pré-2018)","MRU":"Ouguiya mauritana","MUR":"Rupia das Maurícias","MVR":"Rufiyaa das Maldivas","MWK":"Kwacha do Malauí","MXN":"Peso mexicano","MYR":"Ringgit da Malásia","MZN":"Metical moçambicano","NAD":"Dólar namibiano","NGN":"Naira da Nigéria","NIO":"Córdoba nicaraguense","NMC":"Namecoin","NOK":"Coroa norueguesa","NPR":"Rupia nepalesa","NVC":"NovaCoin","NXT":"Nxt","NZD":"Dólar da Nova Zelândia","OMR":"Rial omanense","PAB":"Balboa panamenho","PEN":"Novo Sol Peruano","PGK":"Papua Nova Guiné Kina","PHP":"Peso filipino","PKR":"Rupia paquistanesa","PPC":"Peercoin","PYG":"Guarani paraguaio","QAR":"Rial do Qatar","RON":"Leu romeno","RSD":"Dinar sérvio","RUB":"Rublo russo","RWF":"Franco ruandês","SAR":"Rial saudita","SBD":"Dólar das Ilhas Salomão","SCR":"Rúpia seichelense","SDG":"Libra sudanesa","SEK":"Coroa sueca","SGD":"Dólar de Singapura","SHP":"Libra de Santa Helena","SLL":"Serra Leoa Leoa","SOS":"Shilling Somali","SRD":"Dólar do Suriname","SSP":"Libra Sudanesa do Sul","STD":"São Tomé e Príncipe Dobra (pré-2018)","STN":"São Tomé e Príncipe Dobra","STR":"Stellar","SVC":"Colón salvadorenho","SYP":"Libra síria","SZL":"Swazi Lilangeni","THB":"Baht tailandês","TJS":"Tajikistani Somoni","TMT":"Manat turcomano","TND":"Dinar tunisino","TOP":"Pa'anga tonganês","TRY":"Lira turca","TTD":"Dólar de Trinidad e Tobago","TWD":"Novo dólar de Taiwan","TZS":"Xelim da Tanzânia","UGX":"Xelim de Uganda","UYU":"Peso uruguaio","UZS":"Uzbequistão Som","VEF":"Fuerte venezuelano de Bolívar (velho)","VEF_BLKMKT":"Bolívar venezuelano (mercado negro)","VEF_DICOM":"Bolívar venezuelano (DICOM)","VEF_DIPRO":"Bolívar venezuelano (DIPRO)","VES":"Bolívar venezuelano Soberano","VND":"Dong vietnamita","VTC":"VertCoin","VUV":"Vanuatu Vatu","WST":"Tala samoana","XAF":"Franco CFA BEAC","XAG":"Onça de prata","XAU":"Onça de ouro","XCD":"Dólar do Caribe Oriental","XDR":"Direitos Especiais de Saque","XMR":"Monero","XOF":"Franco CFA BCEAO","XPD":"Onça de paládio","XPF":"Franco CFP","XPM":"Primecoin","XPT":"Onça de platina","XRP":"Ripple","YER":"Rial Iemenita","ZAR":"Rand sul-africano","ZMW":"Kwacha zambiano","ZWL":"Dólar zimbabuano"}