{"BNB":"BNB","USD":"Americký dolar","EUR":"Euro","GBP":"Britská libra šterlinků","AUD":"Australský dolar","CAD":"Kanadský dolar","CHF":"Švýcarský frank","PLN":"Polský zlotý","CZK":"Česká republika Koruna","INR":"Indická rupie","IDR":"Indonéské rupií","JPY":"Japonský jen","CNY":"Čínský jüan","UAH":"Ukrajinská hřivna","AED":"Spojené arabské emiráty Dirham","AFN":"Afghánský Afghánistán","ALL":"Albánský lek","AMD":"Arménský dram","ANG":"Nizozemské Antilské gulden","AOA":"Angolan Kwanza","ARS":"Argentinské peso","AWG":"Aruban Florin","AZN":"Ázerbájdžán Manat","BAM":"Bosna a Hercegovina kabriolet Mark","BBD":"Barbadský dolar","BDT":"Bangladéš Taka","BGN":"Bulharský lev","BHD":"Baharský dinár","BIF":"Burundian Franc","BMD":"Bermudský dolar","BND":"Brunejský dolar","BOB":"Bolivijský Boliviano","BRL":"Brazilský skutečný","BSD":"Bahamský dolar","BTC":"Bitcoin","BTN":"Bhutanese Ngultrum","BTS":"BitShares","BWP":"Botswana Pula","BYN":"Běloruský ruble","BZD":"Belize Dollar","CDF":"Konžský frank","CLF":"Chilská účetní jednotka (UF)","CLP":"Chilské peso","CNH":"Čínský Yuan (Offshore)","COP":"Kolumbijské peso","CRC":"Costa Rican Colón","CUC":"Kubánský kabriolet peso","CUP":"Kubánské peso","CVE":"Cape Verdean Escudo","DASH":"Dash","DJF":"Džibutský frank","DKK":"Dánská koruna","DOGE":"DogeCoin","DOP":"Dominikánské peso","DZD":"Alžírský dinár","EAC":"EarthCoin","EGP":"Egyptská libra","EMC":"Emercoin","ERN":"Eritrean Nakfa","ETB":"Etiopský Birr","ETH":"Ethereum","FCT":"Factom","FJD":"Fijian Dollar","FKP":"Falklandské ostrovy","FTC":"Feathercoin","GEL":"Georgiánský Lari","GGP":"Guernseyova libra","GHS":"Ghanaština Cedi","GIP":"Gibraltarská libra","GMD":"Gambijská Dalasi","GNF":"Guinejský frank","GTQ":"Guatemalan Quetzal","GYD":"Guyanský dolar","HKD":"Hongkongský dolar","HNL":"Honduran Lempira","HRK":"Chorvatská kuna","HTG":"Haitian Gourde","HUF":"Maďarský forint","ILS":"Izraelský nový šel","IMP":"Manxová libra","IQD":"Irácký dinár","IRR":"Iránský riál","ISK":"Islandská Króna","JEP":"Jersey Pound","JMD":"Jamajský dolar","JOD":"Jordánský dinár","KES":"Keňský šiling","KGS":"Kyrgystán Som","KHR":"Kambodžský Riel","KMF":"Komorský frank","KPW":"Severní Koreje","KRW":"Jihokorejská výhra","KWD":"Kuvajtský dinár","KYD":"Kajmanský ostrovní dolar","KZT":"Kazakhstani Tenge","LAK":"Laotian Kip","LBP":"Libanonská libra","LD":"Linden Dollar","LKR":"Srí Lanká rupie","LRD":"Libérijský dolar","LSL":"Lesotho Loti","LTC":"LiteCoin","LYD":"Libyjský dinár","MAD":"Marocký dirham","MDL":"Moldavský lev","MGA":"Malagasy Ariary","MKD":"Makedonský Denar","MMK":"Myanma Kyat","MNT":"Mongolský Tugrik","MOP":"Macanese Pataca","MRO":"Mauritánský Ouguiya (pre-2018)","MRU":"Mauritánský Ouguiya","MUR":"Mauritijská rupie","MVR":"Maldivská Rufiyaa","MWK":"Malawian Kwacha","MXN":"Mexické peso","MYR":"Malajský ringgit","MZN":"Mozambik Metical","NAD":"Namibijský dolar","NGN":"Nigerijská Naira","NIO":"Nikaragujský Córdoba","NMC":"Namecoin","NOK":"Norská koruna","NPR":"Nepálská rupie","NVC":"NovaCoin","NXT":"Nxt","NZD":"Nový Zélandský dolar","OMR":"Omani Rial","PAB":"Panamský Balboa","PEN":"Peruánský Nuevo Sol","PGK":"Papua Nová Guinea Kina","PHP":"Filipínské peso","PKR":"Pákistánská rupie","PPC":"Peercoin","PYG":"Paraguayan Guarani","QAR":"Qatari Rial","RON":"Rumunský leu","RSD":"Srbský dinár","RUB":"Ruský rubl","RWF":"Rwandský frank","SAR":"Saúdské Riyal","SBD":"Dolar Šalamounových ostrovů","SCR":"Seychellois Rupee","SDG":"Súdánská libra","SEK":"Švédská koruna","SGD":"Singapurský dolar","SHP":"Svatá Helena","SLL":"Sierra Leonean Leone","SOS":"Somálský šiling","SRD":"Surinamský dolar","SSP":"Jižní Súdánská libra","STD":"Svatý Tomáš a Princův ostrov Dobra (pre-2018)","STN":"Svatý Tomáš a Princův ostrov Dobra","STR":"Stellar","SVC":"Salvadoran Colón","SYP":"Syrská libra","SZL":"Swazi Lilangeni","THB":"Thai Baht","TJS":"Tádžikistani Somoni","TMT":"Turkmenistani Manat","TND":"Tuniský dinár","TOP":"Tongan Pa'anga","TRY":"Turecká lira","TTD":"Trinidad a Tobago dolar","TWD":"Nový taiwanský dolar","TZS":"Tanzanský šiling","UGX":"Ugandský šilink","UYU":"Uruguayské peso","UZS":"Uzbekistán Som","VEF":"Venezuelský Bolívar Fuerte (starý)","VEF_BLKMKT":"Venezuelský Bolívar (Černý trh)","VEF_DICOM":"Venezuelský Bolívar (DICOM)","VEF_DIPRO":"Venezuelský Bolívar (DIPRO)","VES":"Venezuelský Bolívar Soberano","VND":"Vietnamský Dong","VTC":"VertCoin","VUV":"Vanuatu Vatu","WST":"Samoan Tala","XAF":"CFA Franc BEAC","XAG":"Stříbrná unce","XAU":"Zlatá unce","XCD":"Východní karibský dolar","XDR":"Zvláštní práva čerpání","XMR":"Monero","XOF":"CFA Franc BCEAO","XPD":"Palladium Ounce","XPF":"Francouz CFP","XPM":"Primecoin","XPT":"Platinová unce","XRP":"Ripple","YER":"Jemenský riál","ZAR":"Jihoafrický rand","ZMW":"Zambian Kwacha","ZWL":"Zimbabwský dolar"}