{"BNB":"Бинанс коин","USD":"Щатски долар","EUR":"Евро","GBP":"Британска лира стерлинги","AUD":"Австралийски долар","CAD":"Канадски долар","CHF":"Швейцарски франк","PLN":"Полска злота","CZK":"Чешка крона","INR":"Индийска рупия","IDR":"Индонезийска рупия","JPY":"Японска йена","CNY":"Китайски юан","UAH":"Украинската гривна","AED":"ОАЕ дирхам","AFN":"Афганистански","ALL":"Албански Лек","AMD":"Арменски драм","ANG":"Нидерландски антилски гулден","AOA":"Анголски кванза","ARS":"Аржентинско песо","AWG":"Аруба Флорин","AZN":"Азербайджански манат","BAM":"Конвертируема марка на Босна и Херцеговина","BBD":"Барбадосски долар","BDT":"Бангладеш Така","BGN":"Български лев","BHD":"Бахрейнски динар","BIF":"Бурундийски франк","BMD":"Бермудски долар","BND":"Брунейски долар","BOB":"Боливийски боливиано","BRL":"Бразилски реал","BSD":"Бахамски долар","BTC":"Bitcoin","BTN":"Бутан Нгултрум","BTS":"BitShares","BWP":"Ботсуана Пула","BYN":"Белоруска рубла","BZD":"Белизският долар","CDF":"Конгоански франк","CLF":"Чилийска счетоводна единица (UF)","CLP":"Чилийско песо","CNH":"Китайски юан (офшорни)","COP":"Колумбийско песо","CRC":"Коста Рика Колон","CUC":"Кубинско конвертируемо песо","CUP":"Кубинско песо","CVE":"Ескудо от Кабо Верде","DASH":"Dash","DJF":"Джибутински франк","DKK":"Датска крона","DOGE":"DogeCoin","DOP":"Доминиканско песо","DZD":"Алжирски динар","EAC":"EarthCoin","EGP":"Египетска лира","EMC":"Emercoin","ERN":"Еритрея Nakfa","ETB":"Етиопски Бир","ETH":"Ethereum","FCT":"Factom","FJD":"Фиджийски долар","FKP":"Паола на Фолклендските острови","FTC":"Feathercoin","GEL":"Грузински лари","GGP":"Паунд Гернси","GHS":"Ганийски седи","GIP":"Гибралтарска лира","GMD":"Гамбия Даласи","GNF":"Гвинейски франк","GTQ":"Гватемала Кетсал","GYD":"Гайански долар","HKD":"Хонконгски долар","HNL":"Хондурас лемпира","HRK":"Хърватски куни","HTG":"Хаитянски гурд","HUF":"Унгарски форинт","ILS":"Нов израелски шекел","IMP":"Manx Pound","IQD":"Иракски динар","IRR":"Ирански риал","ISK":"Исландия Крона","JEP":"Джърси фунт","JMD":"Ямайски долар","JOD":"Йордански динар","KES":"Кенийски шилинг","KGS":"Киргизки сом","KHR":"Камбоджанска риел","KMF":"Франк Коморските острови","KPW":"Севернокорейски спечелил","KRW":"Южнокорейски спечели","KWD":"Кувейтски динар","KYD":"Кайманови острови долар","KZT":"Казахстански тенге","LAK":"Лао Кип","LBP":"Ливанска лира","LD":"Линден доллар","LKR":"Шри Ланка рупия","LRD":"Либерийски долар","LSL":"Лоти Лесото","LTC":"LiteCoin","LYD":"Либийски динар","MAD":"Марокански дирхам","MDL":"Молдовска лея","MGA":"Мадагаскарска ариария","MKD":"Македонски динар","MMK":"Myanmar Kyat","MNT":"Монголски тугрик","MOP":"Патака на Макао","MRO":"Мавританска Угия (до 2018 г.)","MRU":"Мавританска Огия","MUR":"Маврицийска рупия","MVR":"Малдиви Руфия","MWK":"Малавийска квача","MXN":"Мексиканско песо","MYR":"Малайзийски ринггит","MZN":"Мозамбик Метикал","NAD":"Намибия долар","NGN":"Нигерийска наира","NIO":"Никарагуанската Кордоба","NMC":"Namecoin","NOK":"Норвежка крона","NPR":"Непалска рупия","NVC":"NovaCoin","NXT":"Nxt","NZD":"Новозеландски долар","OMR":"Оман Риал","PAB":"Панама Балбоа","PEN":"Нова перуанска сол","PGK":"Кина Папуа Нова Гвинея","PHP":"Филипинско песо","PKR":"Пакистанска рупия","PPC":"Peercoin","PYG":"Парагвайски гуарани","QAR":"Катарски риал","RON":"Румънска лея","RSD":"Сръбски динар","RUB":"Руска рубла","RWF":"Франк","SAR":"Саудитски риал","SBD":"Соломонови острови долар","SCR":"Руска Сейшели","SDG":"Судански паунд","SEK":"Шведска крона","SGD":"Сингапурски долар","SHP":"Св. Елена Паунд","SLL":"Сиера леоне","SOS":"Сомалийски шилинг","SRD":"Суринамски долар","SSP":"Южна Суданска лира","STD":"Добри Сао Томе и Принсипи (до 2018 г.)","STN":"Сао Томе и Принсипи Добро","STR":"Звездный","SVC":"Salvadoran Colon","SYP":"Сирийски паунд","SZL":"Swazi Lilageni","THB":"Тайски бат","TJS":"Таджикски сомони","TMT":"Туркменски манат","TND":"Тунизийски динар","TOP":"Тонга Паанга","TRY":"Турска лира","TTD":"Тринидад и Тобаго долар","TWD":"Нов тайвански долар","TZS":"Танзанийски шилинг","UGX":"Угандийски шилинг","UYU":"Уругвайско песо","UZS":"Узбекски сом","VEF":"Венецуелски боливар Фуерте (стар)","VEF_BLKMKT":"Венецуелски Боливар (черен пазар)","VEF_DICOM":"Венецуелски боливар (DICOM)","VEF_DIPRO":"Венецуелски боливар (DIPRO)","VES":"Венецуела Боливар Соберано","VND":"Виетнамски донг","VTC":"VertCoin","VUV":"Вануатска вълна","WST":"Самоанска тала","XAF":"CFA Frank BEAC","XAG":"Сребърна унция","XAU":"Златна унция","XCD":"Източнокарибски долар","XDR":"Специални права на тираж","XMR":"Monero","XOF":"CFA Франк BCEAO","XPD":"Паладиева унция","XPF":"CFP franc","XPM":"Primecoin","XPT":"Платинена унция","XRP":"Пульсация","YER":"Йемен Риял","ZAR":"Южноафрикански ранд","ZMW":"Zambian Kwacha","ZWL":"Зимбабвийски долар"}