{"BNB":"BNB","USD":"Amerikan Doları","EUR":"Euro","GBP":"İngiliz Sterlini","AUD":"Avustralya Doları","CAD":"Kanada Doları","CHF":"İsviçre Frangı","PLN":"Polonya Zlotisi","CZK":"Çek Cumhuriyeti Korunası","INR":"Hint rupisi","IDR":"Endonezya Rupiahı","JPY":"Japon Yeni","CNY":"Çin Yuanı","UAH":"Ukraynalı Grivnası","AED":"Birleşik Arap Emirlikleri Dirhemi","AFN":"Afgan Afganı","ALL":"Arnavut Lek","AMD":"Ermeni Dram","ANG":"Hollanda Antilleri Guilder","AOA":"Angola Kwanza","ARS":"Arjantin Pezosu","AWG":"Aruban Florin","AZN":"Azerbaycan Manatı","BAM":"Bosna Hersek Cabrio Markası","BBD":"Barbados Doları","BDT":"Bangladeşli Taka","BGN":"Bulgar Levası","BHD":"Bahreyn Dinarı","BIF":"Burunya Frangı","BMD":"Bermuda Doları","BND":"Brunei Doları","BOB":"Bolivyalı Bolivyalı","BRL":"Brezilya Reali","BSD":"Bahama Doları","BTC":"Bitcoin","BTN":"Butanlı Ngultrum","BTS":"BitShares","BWP":"Botsvana Pula","BYN":"Belarus Rublesi","BZD":"Belize Doları","CDF":"Kongolu Frangı","CLF":"Şili Hesap Birimi (UF)","CLP":"Şili Pezosu","CNH":"Çin Yuanı (Açık Deniz)","COP":"Kolombiya Pezosu","CRC":"Kosta Rika Kolonu","CUC":"Küba Cabrio Pezosu","CUP":"Küba Pezosu","CVE":"Cape Verdean Escudo","DASH":"Dash","DJF":"Cibuti Frangı","DKK":"Danimarka Kronu","DOGE":"Dogecoin","DOP":"Dominik Pezosu","DZD":"Cezayir Dinarı","EAC":"EarthCoin","EGP":"Mısır Poundu","EMC":"Emercoin","ERN":"Eritre Nakfa","ETB":"Etiyopya Birri","ETH":"Ethereum","FCT":"Factom","FJD":"Fijian Doları","FKP":"Falkland Adaları Lirası","FTC":"Feathercoin","GEL":"Gürcü Lari","GGP":"Guernsey Lirası","GHS":"Ganalı Cedi","GIP":"Cebelitarık Lirası","GMD":"Gambian Dalasi","GNF":"Gine Frangı","GTQ":"Guatemala Quetzal","GYD":"Guyanalı Dolar","HKD":"Hong Kong Doları","HNL":"Honduran Lempira","HRK":"Hırvat Kunası","HTG":"Haiti Kabağı","HUF":"Macar Forinti","ILS":"İsrail Yeni Şekeli","IMP":"Manks Lirası","IQD":"Irak Dinarı","IRR":"İran Riyali","ISK":"İzlanda Króna","JEP":"Forma Pound","JMD":"Jamaika Doları","JOD":"Ürdün Dinarı","KES":"Kenya Şilini","KGS":"Kırgızistan Somu","KHR":"Kamboçyalı Riel","KMF":"Komorian Frangı","KPW":"Kuzey Kore Wonu","KRW":"Güney Kore Wonu","KWD":"Küveyt Dinarı","KYD":"Cayman Adaları Doları","KZT":"Kazakistan Tenge","LAK":"Laos Kipleri","LBP":"Lübnan Poundu","LD":"Linden Dollar","LKR":"Sri Lankalı Rupisi","LRD":"Liberya Doları","LSL":"Lesoto Loti","LTC":"LiteCoin","LYD":"Libya Dinarı","MAD":"Fas Dirhemi","MDL":"Moldova Leu","MGA":"Madagaskarlı Ariary","MKD":"Makedon Denar","MMK":"Myanma Kyat","MNT":"Moğol Tugrik","MOP":"Makarna Pataca","MRO":"Moritanya Ouguiyası (2018 öncesi)","MRU":"Moritanya Ouguiyası","MUR":"Mauritius Rupisi","MVR":"Maldivlere Rufiyaa","MWK":"Malavi Kwacha","MXN":"Meksika Pezosu","MYR":"Malezya Ringiti","MZN":"Mozambik Metical","NAD":"Namibya Doları","NGN":"Nijeryalı Naira","NIO":"Nikaragua Córdoba","NMC":"Namecoin","NOK":"Norveç Kronu","NPR":"Nepal Rupisi","NVC":"NovaCoin","NXT":"Nxt","NZD":"Yeni Zellanda Doları","OMR":"Umman Riyali","PAB":"Panama Balboa","PEN":"Peru Nuevo Solu","PGK":"Papua Yeni Gine Kina","PHP":"Filipin Pezosu","PKR":"Pakistan Rupisi","PPC":"Peercoin","PYG":"Paraguaylı Guarani","QAR":"Katar Riyali","RON":"Romen Leyi","RSD":"Sırp Dinarı","RUB":"Rus Rublesi","RWF":"Ruanda Frangı","SAR":"Suudi Riyali","SBD":"Solomon Adaları Doları","SCR":"Seychellois Rupisi","SDG":"Sudan Lirası","SEK":"İsveç Kronu","SGD":"Singapur doları","SHP":"Aziz Helena Lirası","SLL":"Sierra Leonean Leone","SOS":"Somali Şilini","SRD":"Surinam Doları","SSP":"Güney Sudan Poundu","STD":"São Tomé ve Príncipe Dobra (2018 öncesi)","STN":"São Tomé ve Príncipe Dobra","STR":"Stellar","SVC":"El Salvador Colón","SYP":"Suriye Lirası","SZL":"Svazi Lilangeni","THB":"Tayland Bahtı","TJS":"Tacikistan Somoni","TMT":"Türkmenistan Manatı","TND":"Tunus Dinarı","TOP":"Tongan Pa'anga","TRY":"Türk Lirası","TTD":"Trinidad ve Tobago Doları","TWD":"Yeni Tayvan Doları","TZS":"Tanzanya Şilini","UGX":"Uganda Şilini","UYU":"Uruguay Pezosu","UZS":"Özbekistan Somu","VEF":"Venezuelalı Bolívar Fuerte (Eski)","VEF_BLKMKT":"Venezuela Bolívar (Karaborsa)","VEF_DICOM":"Venezuela Bolívar (DICOM)","VEF_DIPRO":"Venezuelalı Bolívar (DIPRO)","VES":"Venezuelalı Bolívar Soberano","VND":"Vietnamca Dong","VTC":"VertCoin","VUV":"Vanuatu Vatu","WST":"Samoalı Tala","XAF":"CFA Frangı BEAC","XAG":"Gümüş ons","XAU":"Altın ons","XCD":"Doğu Karayip Doları","XDR":"Özel Çekme Hakları","XMR":"Monero","XOF":"CFA Frangı BCEAO","XPD":"Paladyum Ons","XPF":"CFP Frangı","XPM":"Primecoin","XPT":"Platin Ons","XRP":"Ripple","YER":"Yemen Riyali","ZAR":"Güney Afrika Randı","ZMW":"Zambiya Kwacha","ZWL":"Zimbabwe Doları"}