{"BNB":"BNB","USD":"US-Dollar","EUR":"Euro","GBP":"Britisches Pfund Sterling","AUD":"Australischer Dollar","CAD":"Kanadischer Dollar","CHF":"Schweizerfranken","PLN":"Polnischer Zloty","CZK":"Tschechische Republik Koruna","INR":"Indische Rupie","IDR":"Indonesische Rupie","JPY":"Japanische YEN","CNY":"Chinesische Yuan","UAH":"Ukrainische Hryvnia","AED":"Vereinigte Arabische Emirate Dirham","AFN":"Afghanisch afghanisch","ALL":"Albaner Lek","AMD":"Armenian Dram","ANG":"Niederlande Antillean Gulden","AOA":"Angolanischer Kwanza","ARS":"Argentinischer Peso","AWG":"Aruban Florin","AZN":"Aserbaidschanischer Manat","BAM":"Bosnien-Herzegowina Convertible Mark","BBD":"Barbadischer Dollar","BDT":"Bangladeshi Taka","BGN":"Bulgarischer Lev","BHD":"Bahrainischer Dinar","BIF":"Burundian Franc","BMD":"Bermudan-Dollar","BND":"Brunei-Dollar","BOB":"Bolivianischer Boliviano","BRL":"Brasilianischer Real","BSD":"Bahama-Dollar","BTC":"Bitcoin","BTN":"Bhutanisches Ngultrum","BTS":"BitShares","BWP":"Botswana Pula","BYN":"Weißrussischer Rubel","BZD":"Belize-Dollar","CDF":"Kongolesischer Franc","CLF":"Chilenische Rechnungseinheit (UF)","CLP":"Chilenischer Peso","CNH":"Chinesischer Yuan (Offshore)","COP":"Kolumbianischer Peso","CRC":"Costa Ricanischer Colón","CUC":"Kubanischer konvertierbarer Peso","CUP":"Kubanischer Peso","CVE":"Kapverdischer Escudo","DASH":"Dash","DJF":"Djiboutian Franc","DKK":"Dänische Krone","DOGE":"DogeCoin","DOP":"Dominikanischer Peso","DZD":"Algerischer Dinar","EAC":"EarthCoin","EGP":"Ägyptisches Pfund","EMC":"Emercoin","ERN":"Eritreische Nakfa","ETB":"Äthiopischer Birr","ETH":"Ethereum","FCT":"Factom","FJD":"Fidschi-Dollar","FKP":"Falklandinseln Pfund","FTC":"Feathercoin","GEL":"Georgian Lari","GGP":"Guernsey Pound","GHS":"Ghanaischer Cedi","GIP":"Gibraltar-Pfund","GMD":"Gambischer Dalasi","GNF":"Guinean Franc","GTQ":"Guatemaltekischer Quetzal","GYD":"Guyana-Dollar","HKD":"Hongkong Dollar","HNL":"Honduras Lempira","HRK":"Kroatische Kuna","HTG":"Haitianische Gourde","HUF":"Ungarischer Forint","ILS":"Israelischer neuer Schekel","IMP":"Manx Pfund","IQD":"Irakischer Dinar","IRR":"Iranischer Rial","ISK":"Isländische Króna","JEP":"Jersey Pfund","JMD":"Jamaikanischer Dollar","JOD":"Jordanischer Dinar","KES":"Kenianischer Schilling","KGS":"Kirgystani Som","KHR":"Kambodschanischer Riel","KMF":"Komorischer Franc","KPW":"Nordkoreanischer Won","KRW":"Südkoreanischer Won","KWD":"Kuwaitischer Dinar","KYD":"Cayman Islands Dollar","KZT":"Kasachischer Tenge","LAK":"Laotischer Kip","LBP":"Libanesisches Pfund","LD":"Linden Dollar","LKR":"Sri-Lanka-Rupie","LRD":"Liberianischer Dollar","LSL":"Lesotho Loti","LTC":"LiteCoin","LYD":"Libyscher Dinar","MAD":"Marokkanischer Dirham","MDL":"Moldovan Leu","MGA":"Madagassischer Ariary","MKD":"Mazedonischer Denar","MMK":"Myanma Kyat","MNT":"Mongolischer Tugrik","MOP":"Macanese Pataca","MRO":"Mauretanische Ouguiya (vor 2018)","MRU":"Mauretanische Ouguiya","MUR":"Mauritius-Rupie","MVR":"Maledivischer Rufiyaa","MWK":"Malawi-Kwacha","MXN":"Mexikanischer Peso","MYR":"Malaysischer Ringgit","MZN":"Mozambican Metical","NAD":"Namibischer Dollar","NGN":"Nigerianer Naira","NIO":"Nicaraguaner Córdoba","NMC":"Namecoin","NOK":"Norwegische Krone","NPR":"Nepalesische Rupie","NVC":"NovaCoin","NXT":"Nxt","NZD":"Neuseeland Dollar","OMR":"Omani Rial","PAB":"Panamanischer Balboa","PEN":"Peruanischer Nuevo Sol","PGK":"Papua-Neuguinea-China","PHP":"Philippinischer Peso","PKR":"Pakistanische Rupie","PPC":"Peercoin","PYG":"Paraguayischer Guarani","QAR":"Katar Rial","RON":"Rumänischer Leu","RSD":"Serbischer Dinar","RUB":"Russischer Rubel","RWF":"Ruandischer Franc","SAR":"Saudi-Riyal","SBD":"Salomonen-Dollar","SCR":"Seychellen-Rupie","SDG":"Sudanesisches Pfund","SEK":"Schwedische Krone","SGD":"Singapur-Dollar","SHP":"St. Helena Pfund","SLL":"Sierra Leonean Leone","SOS":"Somali-Schilling","SRD":"Surinamesischer Dollar","SSP":"Südsudanesisches Pfund","STD":"São Tomé und Príncipe Dobra (vor 2018)","STN":"São Tomé und Príncipe Dobra","STR":"Stellar","SVC":"Salvadorianischer Colón","SYP":"Syrisches Pfund","SZL":"Swazi Lilangeni","THB":"Thai Baht","TJS":"Tadschikistani Somoni","TMT":"Turkmenistan Manat","TND":"Tunesischer Dinar","TOP":"Tongan Pa'anga","TRY":"Türkische Lire","TTD":"Trinidad und Tobago Dollar","TWD":"Neuer Taiwan-Dollar","TZS":"Tansanischer Schilling","UGX":"Ugandischer Schilling","UYU":"Uruguayischer Peso","UZS":"Usbekistan Som","VEF":"Venezolanischer Bolívar Fuerte (alt)","VEF_BLKMKT":"Venezolanischer Bolívar (Schwarzmarkt)","VEF_DICOM":"Venezolanischer Bolívar (DICOM)","VEF_DIPRO":"Venezolanischer Bolívar (DIPRO)","VES":"Venezolanischer Bolívar Soberano","VND":"Vietnamesischer Dong","VTC":"VertCoin","VUV":"Vanuatu Vatu","WST":"Samoan Tala","XAF":"CFA Franc BEAC","XAG":"Silberunze","XAU":"Goldunze","XCD":"Karibischer Ostdollar","XDR":"Sonderziehungsrechte","XMR":"Monero","XOF":"CFA Franc BCEAO","XPD":"Palladium-Unze","XPF":"CFP Franc","XPM":"Primecoin","XPT":"Platin-Unze","XRP":"Ripple","YER":"Jemenitischen Rial","ZAR":"Südafrikanischer Rand","ZMW":"Sambianischer Kwacha","ZWL":"Simbabwischer Dollar"}