{"BNB":"BNB","USD":"Amerikanska dollar","EUR":"Euro","GBP":"Brittiska pund sterling","AUD":"Australiensiska dollar","CAD":"Kanadensisk dollar","CHF":"Schweizer franc","PLN":"Polska zloty","CZK":"Tjeckien Koruna","INR":"Indisk rupi","IDR":"Indonesisk rupiah","JPY":"Japanska yen","CNY":"Kinesiska yuanen","UAH":"Ukrainska hryvnia","AED":"Förenade Arabemiraten Dirham","AFN":"Afghanska afghanistan","ALL":"Albanska lek","AMD":"Armeniska drama","ANG":"Nederländska Antillian Guilder","AOA":"Angola Kwanza","ARS":"Argentinska peso","AWG":"Aruban Florin","AZN":"Azerbajdzjansk Manat","BAM":"Bosnien-Hercegovina Convertible Mark","BBD":"Barbadiska dollar","BDT":"Bangladeshiska Taka","BGN":"Bulgariska lev","BHD":"Bahraini Dinar","BIF":"Burundian Franc","BMD":"Bermudan Dollar","BND":"Brunei Dollar","BOB":"Bolivian Boliviano","BRL":"Brasilianska verkliga","BSD":"Bahamian Dollar","BTC":"Bitcoin","BTN":"Bhutanese Ngultrum","BTS":"BitShares","BWP":"Botswana Pula","BYN":"Vitryska rubel","BZD":"Belize Dollar","CDF":"Kongolesisk franc","CLF":"Chilenska kontonhetsenhet (UF)","CLP":"Chilenska peso","CNH":"Kinesiska Yuan (Offshore)","COP":"Colombianska peso","CRC":"Costa Rica Colón","CUC":"Kubanska konvertibla peso","CUP":"Kubanska peso","CVE":"Kap Verdeanska Escudo","DASH":"Dash","DJF":"Djiboutian Franc","DKK":"Danska kronan","DOGE":"Dogecoin","DOP":"Dominikanska Peso","DZD":"Algeriska dinar","EAC":"EarthCoin","EGP":"Egyptisk pund","EMC":"Emercoin","ERN":"Eritreiska Nakfa","ETB":"Etiopiska Birr","ETH":"Ethereum","FCT":"Factom","FJD":"Fijian Dollar","FKP":"Falklandsöarna Pound","FTC":"Feathercoin","GEL":"Georgiska lari","GGP":"Guernsey Pound","GHS":"Ghanesisk cedi","GIP":"Gibraltar pund","GMD":"Gambian Dalasi","GNF":"Guineanska franc","GTQ":"Guatemala Quetzal","GYD":"Guyanese Dollar","HKD":"Hongkong-dollar","HNL":"Honduras Lempira","HRK":"Kroatiska Kuna","HTG":"Haitiska Gourde","HUF":"Ungerska forint","ILS":"Israelisk ny shekel","IMP":"Manx pund","IQD":"Irakisk dinar","IRR":"Iranska rialet","ISK":"Islandsk Króna","JEP":"Jersey pund","JMD":"Jamaicansk dollar","JOD":"Jordansk dinar","KES":"Kenyansk shilling","KGS":"Kyrgystani Som","KHR":"Kambodjanska Riel","KMF":"Komoriska franc","KPW":"Nordkoreanska vann","KRW":"Sydkoreanska vann","KWD":"Kuwaiti Dinar","KYD":"Caymanöarna Dollar","KZT":"Kazakhstani Tenge","LAK":"Laotian Kip","LBP":"Libanesiska pundet","LD":"Linden Dollar","LKR":"Sri Lanka rupi","LRD":"Liberian Dollar","LSL":"Lesotho Loti","LTC":"LiteCoin","LYD":"Libysk dinar","MAD":"Marockansk dirham","MDL":"Moldaviska leu","MGA":"Malagasiska Ariary","MKD":"Makedonska denar","MMK":"Myanma Kyat","MNT":"Mongolian Tugrik","MOP":"Macanese Pataca","MRO":"Mauretaniens Ouguiya (före 2018)","MRU":"Mauretaniens Ouguiya","MUR":"Mauritian Rupee","MVR":"Maldivian Rufiyaa","MWK":"Malawiska Kwacha","MXN":"Mexikanska peso","MYR":"Malaysiska Ringgit","MZN":"Mocambican Metical","NAD":"Namibisk dollar","NGN":"Nigerian Naira","NIO":"Nicaragua Córdoba","NMC":"Namecoin","NOK":"Norska kronan","NPR":"Nepalesisk rupi","NVC":"NovaCoin","NXT":"Nxt","NZD":"Nya Zeeland Dollar","OMR":"Omani Rial","PAB":"Panamansk Balboa","PEN":"Peruvian Nuevo Sol","PGK":"Papua Nya Guinea Kina","PHP":"Filippinska peso","PKR":"Pakistansk rupi","PPC":"Peercoin","PYG":"Paraguayansk Guarani","QAR":"Qatari Rial","RON":"Rumänska leu","RSD":"Serbiska dinar","RUB":"Ryska rubel","RWF":"Rwandiska franc","SAR":"Saudiarabien Riyal","SBD":"Solomon Islands Dollar","SCR":"Seychellois Rupee","SDG":"Sudanesiska pundet","SEK":"Svenska kronan","SGD":"Singapore Dollar","SHP":"Saint Helena Pound","SLL":"Sierra Leonean Leone","SOS":"Somalisk shilling","SRD":"Surinamese Dollar","SSP":"Södra sudanesiska pundet","STD":"São Tomé och Príncipe Dobra (före 2018)","STN":"São Tomé och Príncipe Dobra","STR":"Stellar","SVC":"Salvadoras Colón","SYP":"Syriska pund","SZL":"Swazi Lilangeni","THB":"Thailändska baht","TJS":"Tadzjikistan Somoni","TMT":"Turkmenistani Manat","TND":"Tunisisk dinar","TOP":"Tongan Pa'anga","TRY":"Turkiska lire","TTD":"Trinidad och Tobago Dollar","TWD":"Ny Taiwan Dollar","TZS":"Tanzanian Shilling","UGX":"Ugandansk Shilling","UYU":"Uruguayansk peso","UZS":"Uzbekistan Som","VEF":"Venezuelan Bolívar Fuerte (Gamla)","VEF_BLKMKT":"Venezuelan Bolívar (svart marknad)","VEF_DICOM":"Venezuelan Bolívar (DICOM)","VEF_DIPRO":"Venezuelan Bolívar (DIPRO)","VES":"Venezuelan Bolívar Soberano","VND":"Vietnamesiska Dong","VTC":"VertCoin","VUV":"Vanuatu Vatu","WST":"Samoanska talan","XAF":"CFA Franc BEAC","XAG":"Silver Ounce","XAU":"GuldOunce","XCD":"Östkaribiska dollar","XDR":"Särskilda teckningsrätter","XMR":"Monero","XOF":"CFA Franc BCEAO","XPD":"Palladium Ounce","XPF":"CFP Franc","XPM":"Primecoin","XPT":"Platinaunun","XRP":"Ripple","YER":"Yemeni Rial","ZAR":"Sydafrikanska rand","ZMW":"Zambian Kwacha","ZWL":"Zimbabwes dollar"}