{"BNB":"BNB","USD":"Dólar estadounidense","EUR":"Euro","GBP":"Libra esterlina","AUD":"Dólar australiano","CAD":"Dolar canadiense","CHF":"Franco suizo","PLN":"Zloty polaco","CZK":"República Checa Corona","INR":"Rupia india","IDR":"Rupia indonesia","JPY":"Yen japonés","CNY":"Yuan Chino","UAH":"Grivnia ucraniana","AED":"Emiratos Arabes Unidos Dirham","AFN":"Afgano","ALL":"Lek albanés","AMD":"Drama armenio","ANG":"Florín antillano neerlandés","AOA":"Kwanza angoleño","ARS":"Peso argentino","AWG":"Aruban Florin","AZN":"Manat azerbaiyano","BAM":"Marca convertible de Bosnia y Herzegovina","BBD":"Dolar barbadense","BDT":"Taka de Bangladesh","BGN":"Lev búlgaro","BHD":"Dinar bahreiní","BIF":"Franco burundés","BMD":"Dolar de Bermuda","BND":"Dolar de brunei","BOB":"Boliviano boliviano","BRL":"Real brasileño","BSD":"Dolar bahameño","BTC":"Bitcoin","BTN":"Bhutanum Ngultrum","BTS":"BitShares","BWP":"Botswana Pula","BYN":"Rublo bielorruso","BZD":"Dólar de Belice","CDF":"Franco congoleño","CLF":"Unidad Chilena de Cuenta (UF)","CLP":"Peso chileno","CNH":"Yuan Chino (Offshore)","COP":"Peso colombiano","CRC":"Colón costarricense","CUC":"Peso convertible cubano","CUP":"Peso cubano","CVE":"Escudo de Cabo Verde","DASH":"Dash","DJF":"Franco yibutiano","DKK":"Corona danesa","DOGE":"DogeCoin","DOP":"Peso dominicano","DZD":"Dinar argelino","EAC":"EarthCoin","EGP":"Libra egipcia","EMC":"Emercoin","ERN":"Eritrea Nakfa","ETB":"Birr etíope","ETH":"Ethereum","FCT":"Factom","FJD":"Dólar de Fiji","FKP":"Libra de las Islas Malvinas","FTC":"Feathercoin","GEL":"Georgiano lari","GGP":"Libra de Guernesey","GHS":"Cedi de Ghana","GIP":"Libra de Gibraltar","GMD":"Dalasi Gambiano","GNF":"Franco guineano","GTQ":"Quetzal guatemalteco","GYD":"Dolar guyanés","HKD":"Dolar de Hong Kong","HNL":"Lempira Hondureño","HRK":"Kuna croata","HTG":"Gourde haitiano","HUF":"Florín húngaro","ILS":"Nueva Sheqel israelí","IMP":"Libra manx","IQD":"Dinar iraquí","IRR":"Rial iraní","ISK":"Corona islandesa","JEP":"Libra de jersey","JMD":"Dolar jamaicano","JOD":"Dinar jordano","KES":"Chelín de Kenia","KGS":"Kyrgystani som","KHR":"Riel camboyano","KMF":"Franco comorano","KPW":"Won de Corea del Norte","KRW":"Won surcoreano","KWD":"Dinar kuwaití","KYD":"Dólar de las Islas Caimán","KZT":"Tenge de Kazajstán","LAK":"Kip laosiano","LBP":"Libra libanesa","LD":"Linden Dollar","LKR":"Rupia de Sri Lanka","LRD":"Dólar liberiano","LSL":"Lesotho loti","LTC":"LiteCoin","LYD":"Dinar libio","MAD":"Dirham marroquí","MDL":"Leu moldavo","MGA":"Ariary malgache","MKD":"Denar macedonio","MMK":"Myanma Kyat","MNT":"Tugrik mongol","MOP":"Pataca Macanesa","MRO":"Ouguiya mauritano (pre-2018)","MRU":"Ouguiya mauritano","MUR":"Rupia de Mauricio","MVR":"Rufiyaa de Maldivas","MWK":"Kwacha de Malawi","MXN":"Peso mexicano","MYR":"Ringgit malayo","MZN":"Metical mozambiqueño","NAD":"Dolar namibiano","NGN":"Naira nigeriana","NIO":"Córdoba nicaragüense","NMC":"Namecoin","NOK":"Corona noruega","NPR":"Rupia nepalesa","NVC":"NovaCoin","NXT":"Nxt","NZD":"Dolar de Nueva Zelanda","OMR":"Rial omaní","PAB":"Balboa panameño","PEN":"Nuevo Sol Peruano","PGK":"Papua Nueva Guinea Kina","PHP":"Peso filipino","PKR":"Rupia paquistaní","PPC":"Peercoin","PYG":"Guaraní paraguayo","QAR":"Rial qatarí","RON":"Leu rumano","RSD":"Dinar serbio","RUB":"Rublo ruso","RWF":"Franco ruandés","SAR":"Rial saudí","SBD":"Dólar de las Islas Salomón","SCR":"Rupia de Seychelles","SDG":"Libra sudanesa","SEK":"Corona sueca","SGD":"Dolar de Singapur","SHP":"Libra de santa helena","SLL":"Sierra Leona Leona","SOS":"Chelín somalí","SRD":"Dolar surinamés","SSP":"Libra de Sudán del Sur","STD":"Santo Tomé y Príncipe Dobra (pre-2018)","STN":"Santo Tomé y Príncipe Dobra","STR":"Stellar","SVC":"Colón salvadoreño","SYP":"Libra siria","SZL":"Suazi Lilangeni","THB":"Baht tailandés","TJS":"Somoni tayiko","TMT":"Manat turcomano","TND":"Dinar tunecino","TOP":"Tongan Pa'anga","TRY":"Lira turca","TTD":"Dólar de Trinidad y Tobago","TWD":"Nuevo dólar taiwanés","TZS":"Chelín de tanzania","UGX":"Chelín de Uganda","UYU":"Peso uruguayo","UZS":"Uzbekistán Som","VEF":"Bolívar fuerte venezolano","VEF_BLKMKT":"Bolívar venezolano (mercado negro)","VEF_DICOM":"Bolívar venezolano (DICOM)","VEF_DIPRO":"Bolívar venezolano (DIPRO)","VES":"Bolívar Soberano venezolano","VND":"Dong vietnamita","VTC":"VertCoin","VUV":"Vanuatu Vatu","WST":"Tala de Samoa","XAF":"CFA Franc BEAC","XAG":"Onza de plata","XAU":"Onza de oro","XCD":"Dólar del Caribe Oriental","XDR":"Derechos especiales de dibujo","XMR":"Monero","XOF":"Franco de CFA BCEAO","XPD":"Onza de paladio","XPF":"Franco de CFP","XPM":"Primecoin","XPT":"Onza de platino","XRP":"Ripple","YER":"Rial yemení","ZAR":"Rand sudafricano","ZMW":"Kwacha de Zambia","ZWL":"Dolar zimbabuense"}