{"BNB":"バイナリーコイン","USD":"米ドル","EUR":"ユーロ","GBP":"英ポンド","AUD":"オーストラリアドル","CAD":"カナダドル","CHF":"スイスフラン","PLN":"ポーランドズウォティ","CZK":"チェコ共和国コルナ","INR":"インドルピー","IDR":"インドネシアルピア","JPY":"日本円","CNY":"中国人民元","UAH":"ウクライナグリブナ","AED":"アラブ首長国連邦ディルハム","AFN":"アフガンアフガニ","ALL":"アルバニアレク","AMD":"アルメニアドラム","ANG":"オランダ領アンティルギルダー","AOA":"アンゴラクワンザ","ARS":"アルゼンチンペソ","AWG":"アルバンフロリン","AZN":"アゼルバイジャンマナット","BAM":"ボスニア・ヘルツェゴビナコンバーチブルマーク","BBD":"バーバドル","BDT":"バングラデシュタカ","BGN":"ブルガリアレフ","BHD":"バーレーンディナール","BIF":"ブルンジフラン","BMD":"バミューダドル","BND":"ブルネイドル","BOB":"ボリビアボリビアーノ","BRL":"ブラジルレアル","BSD":"バハマドル","BTC":"Bitcoin","BTN":"ブータンニュルガム","BTS":"BitShares","BWP":"ボツワナプラ","BYN":"ベラルーシルーブル","BZD":"ベリーズドル","CDF":"コンゴフラン","CLF":"チリのアカウント単位（UF）","CLP":"チリペソ","CNH":"中国人民元（オフショア）","COP":"コロンビアペソ","CRC":"コスタリカコロン","CUC":"キューバコンバーチブルペソ","CUP":"キューバペソ","CVE":"カーボベルデエスクード","DASH":"Dash","DJF":"ジブチフラン","DKK":"デンマーククローネ","DOGE":"DogeCoin","DOP":"ドミニカペソ","DZD":"アルジェリアディナール","EAC":"EarthCoin","EGP":"エジプトポンド","EMC":"Emercoin","ERN":"エリトリアナクファ","ETB":"エチオピアブル","ETH":"Ethereum","FCT":"Factom","FJD":"フィジードル","FKP":"フォークランド諸島ポンド","FTC":"Feathercoin","GEL":"ジョージアンラリ","GGP":"ガーンジーポンド","GHS":"ガーナセディ","GIP":"ジブラルタルポンド","GMD":"ガンビアダラシ","GNF":"ギニアフラン","GTQ":"グアテマラケツァル","GYD":"ガイアナドル","HKD":"香港ドル","HNL":"ホンジュラスレンピラ","HRK":"クロアチアクーナ","HTG":"ハイチグールド","HUF":"ハンガリーフォリント","ILS":"イスラエルの新シェケル","IMP":"マン島ポンド","IQD":"イラクディナール","IRR":"イランリアル","ISK":"アイスランドクローナ","JEP":"ジャージーポンド","JMD":"ジャマイカドル","JOD":"ヨルダンディナール","KES":"ケニアシリング","KGS":"キルギスタンソム","KHR":"カンボジアリエル","KMF":"コモリアンフラン","KPW":"北朝鮮ウォン","KRW":"韓国ウォン","KWD":"クウェートディナール","KYD":"ケイマン諸島ドル","KZT":"カザフスタンテンゲ","LAK":"ラオスキップ","LBP":"レバノンポンド","LD":"Linden Dollar","LKR":"スリランカルピー","LRD":"リベリアドル","LSL":"レソトロティ","LTC":"LiteCoin","LYD":"リビアディナール","MAD":"モロッコディルハム","MDL":"モルドバレイ","MGA":"マダガスカルのアリアリー","MKD":"マケドニア・デナル","MMK":"ミャンマーチャット","MNT":"モンゴル トグログ","MOP":"マカネーゼパタカ","MRO":"モーリタニア ウギア（プレ2018年）","MRU":"モーリタニアのOuguiya","MUR":"モーリシャスルピー","MVR":"モルディブルフィア","MWK":"マラウィアンクワチャ","MXN":"メキシコペソ","MYR":"マレーシアリンギット","MZN":"モザンビークメチカル","NAD":"ナミビアドル","NGN":"ナイジェリアナイラ","NIO":"ニカラグアコルドバ","NMC":"Namecoin","NOK":"ノルウェークローネ","NPR":"ネパールルピー","NVC":"NovaCoin","NXT":"Nxt","NZD":"ニュージーランドドル","OMR":"オマーンリアル","PAB":"パナマバルボア","PEN":"ペルーヌエボ・ソル","PGK":"パプアニューギニアキナ","PHP":"フィリピンペソ","PKR":"パキスタンルピー","PPC":"Peercoin","PYG":"パラグアイグアラニ","QAR":"カタールリアル","RON":"ルーマニアレイ","RSD":"セルビアディナール","RUB":"ロシアルーブル","RWF":"ルワンダフラン","SAR":"サウジリヤル","SBD":"ソロモン諸島ドル","SCR":"セイシェルルピー","SDG":"スーダンポンド","SEK":"スウェーデンクローナ","SGD":"シンガポールドル","SHP":"セントヘレナポンド","SLL":"シエラレオネレオネ","SOS":"ソマリアシリング","SRD":"スリナムドル","SSP":"南スーダンポンド","STD":"サントメプリンシペドブラ（2018年以前）","STN":"サントメプリンシペドブラ","STR":"Stellar","SVC":"エルサルバドル コロン","SYP":"シリアポンド","SZL":"スワジ・リランジェニ","THB":"タイバーツ","TJS":"タジキスタン・ソモニ","TMT":"トルクメニスタンマナット","TND":"チュニジアディナール","TOP":"トンガンパンガ","TRY":"トルコリラ","TTD":"トリニダードトバゴドル","TWD":"新台湾ドル","TZS":"タンザニアシリング","UGX":"ウガンダシリング","UYU":"ウルグアイペソ","UZS":"ウズベキスタンソム","VEF":"ベネズエラボリバルフエルテ（旧）","VEF_BLKMKT":"ベネズエラボリバル（闇市場）","VEF_DICOM":"ベネズエラボリバル（DICOM）","VEF_DIPRO":"ベネズエラボリバル（DIPRO）","VES":"ベネズエラボリバルソベラノ","VND":"ベトナムドン","VTC":"VertCoin","VUV":"バヌアツヴァトゥ","WST":"サモアンタラ","XAF":"中央アフリカ CFA フラン","XAG":"銀オンス","XAU":"金オンス","XCD":"東カリブドル","XDR":"特別な描画権","XMR":"Monero","XOF":"西アフリカ CFA フラン","XPD":"パラジウムオンス","XPF":"CFPフラン","XPM":"Primecoin","XPT":"プラチナオンス","XRP":"Ripple","YER":"イエメンリアル","ZAR":"南アフリカランド","ZMW":"ザンビアクワチャ","ZWL":"ジンバブエドル"}