{"BNB":"BNB","USD":"美元","EUR":"欧元","GBP":"英镑","AUD":"澳元","CAD":"加元","CHF":"瑞士法郎","PLN":"波兰兹罗提","CZK":"捷克共和国克朗","INR":"印度卢比","IDR":"印尼盾","JPY":"日圆","CNY":"中国元","UAH":"乌克兰格里夫纳","AED":"阿拉伯联合酋长国迪拉姆","AFN":"阿富汗阿富汗人","ALL":"阿尔巴尼亚列克","AMD":"亚美尼亚德拉姆","ANG":"荷属安的列斯盾","AOA":"安哥拉宽扎","ARS":"阿根廷比索","AWG":"阿鲁巴弗罗林","AZN":"阿塞拜疆马纳特","BAM":"波斯尼亚 - 黑塞哥维那可兑换马克","BBD":"巴巴多斯元","BDT":"孟加拉国塔卡","BGN":"保加利亚列弗","BHD":"巴林第纳尔","BIF":"布隆迪法郎","BMD":"百慕达元","BND":"文莱元","BOB":"玻利维亚玻利维亚诺","BRL":"巴西雷亚尔","BSD":"巴哈马元","BTC":"比特币","BTN":"不丹Ngultrum","BTS":"BitShares","BWP":"博茨瓦纳普拉","BYN":"白俄罗斯卢布","BZD":"伯利兹元","CDF":"刚果法郎","CLF":"智利账户（UF）","CLP":"智利比索","CNH":"人民币（离岸）","COP":"哥伦比亚比索","CRC":"哥斯达黎加科隆","CUC":"古巴可兑换比索","CUP":"古巴比索","CVE":"佛得角埃斯库多","DASH":"Dash","DJF":"吉布提法郎","DKK":"丹麦克朗","DOGE":"多吉币","DOP":"多米尼加比索","DZD":"阿尔及利亚第纳尔","EAC":"EarthCoin","EGP":"埃及镑","EMC":"Emercoin","ERN":"厄立特里亚纳克法","ETB":"埃塞俄比亚比尔","ETH":"Ethereum","FCT":"Factom","FJD":"斐济元","FKP":"福克兰群岛磅","FTC":"Feathercoin","GEL":"格鲁吉亚拉里","GGP":"根西岛镑","GHS":"加纳塞地","GIP":"直布罗陀庞德","GMD":"冈比亚达拉西","GNF":"几内亚法郎","GTQ":"危地马拉格查尔","GYD":"圭亚那元","HKD":"港币","HNL":"洪都拉斯伦皮拉","HRK":"克罗地亚库纳","HTG":"海地古德","HUF":"匈牙利福林","ILS":"以色列新谢克尔","IMP":"Manx磅","IQD":"伊拉克第纳尔","IRR":"伊朗里亚尔","ISK":"冰岛克罗纳","JEP":"泽西岛庞德","JMD":"牙买加元","JOD":"约旦第纳尔","KES":"肯尼亚先令","KGS":"吉尔吉斯斯坦索姆","KHR":"柬埔寨瑞尔","KMF":"科摩罗法郎","KPW":"朝鲜元","KRW":"韩元","KWD":"科威特第纳尔","KYD":"开曼群岛元","KZT":"哈萨克斯坦坚戈","LAK":"老挝基普","LBP":"黎巴嫩镑","LD":"Linden Dollar","LKR":"斯里兰卡卢比","LRD":"利比里亚元","LSL":"莱索托洛蒂","LTC":"LiteCoin","LYD":"利比亚第纳尔","MAD":"摩洛哥迪拉姆","MDL":"摩尔多瓦列伊","MGA":"马达加斯加阿里亚里","MKD":"马其顿第纳尔","MMK":"缅甸元","MNT":"蒙古图格里克","MOP":"土生土长的帕塔卡","MRO":"毛里塔尼亚乌吉亚（2018年以前）","MRU":"毛里塔尼亚的Ouguiya","MUR":"毛里求斯卢比","MVR":"马尔代夫Rufiyaa","MWK":"马拉维克瓦查","MXN":"墨西哥比索","MYR":"马来西亚林吉特","MZN":"莫桑比克美提卡","NAD":"纳米比亚元","NGN":"尼日利亚奈拉","NIO":"尼加拉瓜科尔多瓦","NMC":"Namecoin","NOK":"挪威克朗","NPR":"尼泊尔卢比","NVC":"NovaCoin","NXT":"Nxt","NZD":"新西兰元","OMR":"阿曼里亚尔","PAB":"巴拿马巴波亚","PEN":"秘鲁索尔","PGK":"巴布亚新几内亚基纳","PHP":"菲律宾比索","PKR":"巴基斯坦卢比","PPC":"Peercoin","PYG":"巴拉圭瓜拉尼","QAR":"卡塔尔里亚尔","RON":"罗马尼亚列伊","RSD":"塞尔维亚第纳尔","RUB":"俄罗斯卢布","RWF":"卢旺达法郎","SAR":"沙特里亚尔","SBD":"所罗门群岛元","SCR":"塞舌尔卢比","SDG":"苏丹镑","SEK":"瑞典克朗","SGD":"新加坡元","SHP":"圣赫勒拿磅","SLL":"塞拉利昂利昂","SOS":"索马里先令","SRD":"苏里南元","SSP":"南苏丹镑","STD":"圣多美和普林西比多布拉（2018年以前）","STN":"圣多美和普林西比多布拉","STR":"Stellar","SVC":"萨尔瓦多科隆","SYP":"叙利亚镑","SZL":"斯威士兰Lilangeni","THB":"泰铢","TJS":"塔吉克斯坦索莫尼","TMT":"土库曼斯坦马纳特","TND":"突尼斯第纳尔","TOP":"汤加潘加","TRY":"土耳其里拉","TTD":"特立尼达和多巴哥元","TWD":"新台币","TZS":"坦桑尼亚先令","UGX":"乌干达先令","UYU":"乌拉圭比索","UZS":"乌兹别克斯坦索姆河","VEF":"委内瑞拉玻利瓦尔富埃特（旧）","VEF_BLKMKT":"委内瑞拉玻利瓦尔（黑市）","VEF_DICOM":"委内瑞拉玻利瓦尔（DICOM）","VEF_DIPRO":"委内瑞拉玻利瓦尔（DIPRO）","VES":"委内瑞拉玻利瓦尔索贝拉诺","VND":"越南董","VTC":"VertCoin","VUV":"瓦努阿图瓦图","WST":"萨摩亚塔拉","XAF":"中非法郎","XAG":"银盎司","XAU":"金盎司","XCD":"东加勒比元","XDR":"特别提款权","XMR":"Monero","XOF":"西非法郎","XPD":"钯盎司","XPF":"太平洋法郎","XPM":"Primecoin","XPT":"白金盎司","XRP":"Ripple","YER":"也门里亚尔","ZAR":"南非兰特","ZMW":"赞比亚克瓦查","ZWL":"津巴布韦元"}