{"BNB":"BNB","USD":"미국 달러","EUR":"유로","GBP":"영국 파운드 스털링","AUD":"호주 달러","CAD":"캐나다 달러","CHF":"스위스 프랑","PLN":"폴란드 즐 로티","CZK":"체코 코 루나","INR":"인도 루피","IDR":"인도네시아 루피아","JPY":"일본 엔","CNY":"중국 위안","UAH":"우크라이나 흐 리브 니아","AED":"아랍 에미리트 디람","AFN":"아프가니스탄의 아프가니스탄","ALL":"알바니아어 렉","AMD":"아르메니아 드람","ANG":"네덜란드령 안틸레스 길더","AOA":"앙골라 콴자","ARS":"아르헨티나 페소","AWG":"아루반 플로린","AZN":"아제르바이잔 마나 트","BAM":"보스니아 헤르체고비나 컨버터블","BBD":"바베이도스 달러","BDT":"방글라데시 타카","BGN":"불가리아 레프","BHD":"바레인 디나르","BIF":"부룬디 프랑","BMD":"버뮤다 달러","BND":"브루나이 달러","BOB":"볼리비아 볼리비아 노","BRL":"브라질 레알","BSD":"바하마 달러","BTC":"Bitcoin","BTN":"부탄 니 걸룸","BTS":"BitShares","BWP":"보츠와나 풀라","BYN":"벨로루시 루블","BZD":"벨리즈 달러","CDF":"콩고 프랑","CLF":"칠레 회계 단위 (UF)","CLP":"칠레 페소","CNH":"중국 위안 (해외)","COP":"콜롬비아 페소","CRC":"코스타리카 콜론","CUC":"쿠바 가변 페소","CUP":"쿠바 페소","CVE":"카보 베르데 에스 쿠도","DASH":"Dash","DJF":"지부티 프랑","DKK":"덴마크 크로네","DOGE":"DogeCoin","DOP":"도미니카 공화국 페소","DZD":"알제리 디나르","EAC":"EarthCoin","EGP":"이집트 파운드","EMC":"Emercoin","ERN":"에리트리아 낙파","ETB":"에티오피아 비르","ETH":"Ethereum","FCT":"Factom","FJD":"피지 달러","FKP":"포클랜드 제도 파운드","FTC":"Feathercoin","GEL":"그루지야 어 라리","GGP":"건지 파운드","GHS":"가나 세디","GIP":"지브롤터 파운드","GMD":"감비아 달랏","GNF":"기니 프랑","GTQ":"과테말라 케 트살","GYD":"가이아나 달러","HKD":"홍콩 달러","HNL":"온두라스 렘 피라","HRK":"크로아티아 쿠나","HTG":"아이티 구르 드","HUF":"헝가리 포린 트","ILS":"이스라엘 신축 세켈","IMP":"맨 섬 파운드","IQD":"이라크 디나르","IRR":"이란 리알","ISK":"아이슬란드 크로아","JEP":"저지 파운드","JMD":"자메이카 달러","JOD":"요르단 디나르","KES":"케냐 실링","KGS":"키르기스스탄 솜","KHR":"캄보디아 리엘","KMF":"코모로 프랑","KPW":"북한 원","KRW":"한국 원","KWD":"쿠웨이트 디나르","KYD":"케이맨 제도 달러","KZT":"카자흐스탄 텡게","LAK":"라오스 킵","LBP":"레바논 파운드","LD":"Linden Dollar","LKR":"스리랑카 루피","LRD":"라이베리아 달러","LSL":"레소토 로티","LTC":"LiteCoin","LYD":"리비아 디나르","MAD":"모로코 디르함","MDL":"몰도바르 루","MGA":"마다가스카르 아리아리","MKD":"마케도니아 어 데나","MMK":"미얀마 캬트","MNT":"몽골 투 그릭","MOP":"마카오 파타카","MRO":"모리타니 우기야 (2018 년 이전)","MRU":"모리타니 우구 야","MUR":"모리셔스 루피","MVR":"몰디브 루피 야","MWK":"말라위 콰차","MXN":"멕시코 페소","MYR":"말레이시아 링깃","MZN":"모잠비크 메티 컬","NAD":"나미비아 달러","NGN":"나이지리아 나이라","NIO":"니카라과 코르도바","NMC":"Namecoin","NOK":"노르웨이 크로네","NPR":"네팔 루피","NVC":"NovaCoin","NXT":"Nxt","NZD":"뉴질랜드 달러","OMR":"오만 리알","PAB":"파나마 발보아","PEN":"페루 누에 보솔","PGK":"파푸아 뉴기니 키나","PHP":"필리핀 페소","PKR":"파키스탄 루피","PPC":"Peercoin","PYG":"파라과이 과라니","QAR":"카타르 리알","RON":"루마니아 레우","RSD":"세르비아 디나르","RUB":"러시아 루블","RWF":"르완다 프랑","SAR":"사우디 리얄","SBD":"솔로몬 제도 달러","SCR":"세이셸 루피","SDG":"수단 파운드","SEK":"스웨덴 크로나","SGD":"싱가포르 달러","SHP":"세인트 헬레나 파운드","SLL":"시에라 레오네 리온","SOS":"소말리아 실링","SRD":"수리남 달러","SSP":"남부 수단 파운드","STD":"상투메 프린시페 도브라 (2018 년 이전)","STN":"상투 메 프린시 페 도브 라","STR":"Stellar","SVC":"살바도르 콜론","SYP":"시리아 파운드","SZL":"스와질랜드 릴란 게니","THB":"태국 바트","TJS":"타지키스탄의 소 모니","TMT":"투르크 메니스탄 마낫","TND":"튀니지 디나르","TOP":"통가 빠 안가","TRY":"터키 리라","TTD":"트리니다드 토바고 달러","TWD":"신 대만 달러","TZS":"탄자니아 실링","UGX":"우간다 실링","UYU":"우루과이 페소","UZS":"우즈베키스탄 솜","VEF":"베네수엘라 볼리바르 푸에르 테 (구)","VEF_BLKMKT":"베네수엘라 볼리바르 (암거래 시장)","VEF_DICOM":"베네수엘라 볼리바르 (DICOM)","VEF_DIPRO":"베네수엘라 볼리바르 (DIPRO)","VES":"베네수엘라 볼리바르 소베 라노","VND":"베트남 동","VTC":"VertCoin","VUV":"바누아투 바투","WST":"사모아 탈라","XAF":"중앙아프리카 CFA 프랑","XAG":"실버 온스","XAU":"금 온스","XCD":"동 카리브 달러","XDR":"특별 인출 권","XMR":"Monero","XOF":"서아프리카 CFA 프랑","XPD":"팔라듐 온스","XPF":"CFP 프랑","XPM":"Primecoin","XPT":"플래티넘 온스","XRP":"Ripple","YER":"예멘 리알","ZAR":"남아프리카 랜드","ZMW":"잠비아 콰차","ZWL":"짐바브웨 달러"}