{"BNB":"BNB","USD":"Amerikanske dollar","EUR":"Euro","GBP":"Britiske pund sterling","AUD":"Australske dollar","CAD":"Canadiske dollar","CHF":"Schweizer franc","PLN":"Polsk zloty","CZK":"Tjekkiet Koruna","INR":"Indisk rupee","IDR":"Indonesisk rupiah","JPY":"Japanske yen","CNY":"Kinesiske yuan","UAH":"Ukrainsk hryvnia","AED":"Forenede Arabiske Emirater Dirham","AFN":"Afghanske afghanistan","ALL":"Albansk lek","AMD":"Armenske dram","ANG":"Hollandske Antillian Guilder","AOA":"Angolanske Kwanza","ARS":"Argentinske peso","AWG":"Aruban Florin","AZN":"Aserbajdsjansk manat","BAM":"Bosnien-Hercegovina Cabriolet Mark","BBD":"Barbadiske dollar","BDT":"Bangladesh Taka","BGN":"Bulgarsk lev","BHD":"Bahraini Dinar","BIF":"Burundian Franc","BMD":"Bermudan Dollar","BND":"Brunei Dollar","BOB":"Boliviansk boliviano","BRL":"Brasilianske Real","BSD":"Bahamian Dollar","BTC":"Bitcoin","BTN":"Bhutanese Ngultrum","BTS":"BitShares","BWP":"Botswana Pula","BYN":"Hviderussiske rubel","BZD":"Belize Dollar","CDF":"Kongolesisk franc","CLF":"Chilenske regningsenhed (UF)","CLP":"Chilenske peso","CNH":"Kinesisk yuan (offshore)","COP":"Colombianske peso","CRC":"Costa Rica Colón","CUC":"Kubanske Cabriolet Peso","CUP":"Cubanske peso","CVE":"Kap Verdes Escudo","DASH":"Dash","DJF":"Djiboutian Franc","DKK":"Dansk krone","DOGE":"Dogecoin","DOP":"Dominikanske Peso","DZD":"Algeriske dinar","EAC":"EarthCoin","EGP":"Egyptiske pund","EMC":"Emercoin","ERN":"Eritreanske Nakfa","ETB":"Etiopisk Birr","ETH":"Ethereum","FCT":"Factom","FJD":"Fijian Dollar","FKP":"Falklandsøerne pund","FTC":"Feathercoin","GEL":"Georgiske lari","GGP":"Guernsey Pound","GHS":"Ghanesisk cedi","GIP":"Gibraltar Pound","GMD":"Gambisk Dalasi","GNF":"Guineanske franc","GTQ":"Guatemalas Quetzal","GYD":"Guyanese Dollar","HKD":"Hongkong Dollar","HNL":"Honduras Lempira","HRK":"Kroatisk kuna","HTG":"Haitisk Gourde","HUF":"Ungarske forint","ILS":"Israelsk ny shekel","IMP":"Manx pund","IQD":"Irakisk dinar","IRR":"Iransk rial","ISK":"Islandsk krone","JEP":"Jersey pund","JMD":"Jamaicanske dollar","JOD":"Jordanske dinar","KES":"Kenyanske shilling","KGS":"Kyrgystani Som","KHR":"Cambodja Riel","KMF":"Comorian franc","KPW":"Nordkoreanske vundet","KRW":"Sydkoreanske vundet","KWD":"Kuwaiti Dinar","KYD":"Cayman Islands Dollar","KZT":"Kasakhstanske Tenge","LAK":"Laotisk Kip","LBP":"Libanesiske pund","LD":"Linden Dollar","LKR":"Sri Lankanske Rupee","LRD":"Liberian Dollar","LSL":"Lesotho Loti","LTC":"LiteCoin","LYD":"Libysk dinar","MAD":"Marokkansk dirham","MDL":"Moldoviske leu","MGA":"Malagasiske Ariary","MKD":"Makedonske denar","MMK":"Myanma Kyat","MNT":"Mongolsk tugrik","MOP":"Macanese Pataca","MRO":"Mauretanske Ouguiya (før 2018)","MRU":"Mauretanske Ouguiya","MUR":"Mauritiske rupee","MVR":"Maldivian Rufiyaa","MWK":"Malawiske kwacha","MXN":"Mexicansk peso","MYR":"Malaysiske Ringgit","MZN":"Mozambican Metical","NAD":"Namibian Dollar","NGN":"Nigerianske naira","NIO":"Nicaraguanske Córdoba","NMC":"Namecoin","NOK":"Norske krone","NPR":"Nepalesiske rupee","NVC":"NovaCoin","NXT":"Nxt","NZD":"New Zealand Dollar","OMR":"Omani Rial","PAB":"Panamanske Balboa","PEN":"Peruvian Nuevo Sol","PGK":"Papua New Guinea Kina","PHP":"Filippinske peso","PKR":"Pakistanske rupee","PPC":"Peercoin","PYG":"Paraguayanske Guarani","QAR":"Qatari Rial","RON":"Rumænsk leu","RSD":"Serbiske dinar","RUB":"Russisk rubel","RWF":"Rwandiske franc","SAR":"Saudi Riyal","SBD":"Salomonøerne Dollar","SCR":"Seychellois Rupee","SDG":"Sudanesiske pund","SEK":"Svenske kroner","SGD":"Singapore Dollar","SHP":"Saint Helena Pound","SLL":"Sierra Leonean Leone","SOS":"Somalisk Shilling","SRD":"Surinamanske Dollar","SSP":"Syd sudanesiske pund","STD":"São Tomé og Príncipe Dobra (før 2018)","STN":"São Tomé og Príncipe Dobra","STR":"Stellar","SVC":"Salvadorsk Colón","SYP":"Syriske pund","SZL":"Swazi Lilangeni","THB":"Thai Baht","TJS":"Tadsjikistanske Somoni","TMT":"Turkmenistani Manat","TND":"Tunesiske Dinar","TOP":"Tongan Pa'anga","TRY":"Tyriske lire","TTD":"Trinidad og Tobago Dollar","TWD":"Ny Taiwan Dollar","TZS":"Tanzanian Shilling","UGX":"Ugandisk shilling","UYU":"Uruguayanske Peso","UZS":"Usbekistan Som","VEF":"Venezuelanske Bolívar Fuerte (gamle)","VEF_BLKMKT":"Venezuelanske Bolívar (sort marked)","VEF_DICOM":"Venezuelan Bolívar (DICOM)","VEF_DIPRO":"Venezuelan Bolívar (DIPRO)","VES":"Venezuelanske Bolívar Soberano","VND":"Vietnamesisk dong","VTC":"VertCoin","VUV":"Vanuatu Vatu","WST":"Samoanske tale","XAF":"CFA Franc BEAC","XAG":"Silver Ounce","XAU":"Guld ounce","XCD":"Øst caribiske dollar","XDR":"Særlige Tegningsretter","XMR":"Monero","XOF":"CFA Franc BCEAO","XPD":"Palladium Ounce","XPF":"CFP Franc","XPM":"Primecoin","XPT":"Platinum Ounce","XRP":"Ripple","YER":"Yemeni Rial","ZAR":"Sydafrikanske rand","ZMW":"Zambian Kwacha","ZWL":"Zimbabwes dollar"}