{"BNB":"BNB","USD":"Dolar Amerika","EUR":"Euro","GBP":"Pound Sterling Inggris","AUD":"Dollar Australia","CAD":"Dolar Kanada","CHF":"Franc Swiss","PLN":"Zloty Polandia","CZK":"Republik Ceko Koruna","INR":"Rupee India","IDR":"Rupiah Indonesia","JPY":"Yen jepang","CNY":"Yuan China","UAH":"Ukrania Ukraina","AED":"Dirham Uni Emirat Arab","AFN":"Afghan Afghan","ALL":"Lek Albania","AMD":"Dram Armenia","ANG":"Dutch Antillean Guilder","AOA":"Kwanza Angola","ARS":"Peso Argentina","AWG":"Aruban Florin","AZN":"Manat Azerbaijan","BAM":"Tanda Konversi Bosnia-Herzegovina","BBD":"Dolar Barbadian","BDT":"Taka Bangladesh","BGN":"Lev Bulgaria","BHD":"Dinar Bahrain","BIF":"Franc Burundi","BMD":"Dolar Bermuda","BND":"Dolar Brunei","BOB":"Bolivia Bolivia","BRL":"Real Brasil","BSD":"Dolar Bahama","BTC":"Bitcoin","BTN":"Ngultrum Bhutan","BTS":"BitShares","BWP":"Pula Botswana","BYN":"Rubel Belarusia","BZD":"Dolar Belize","CDF":"Franc Kongo","CLF":"Unit Akun Chili (UF)","CLP":"Peso Chili","CNH":"Chinese Yuan (Lepas Pantai)","COP":"Peso Kolombia","CRC":"Colón Kosta Rika","CUC":"Peso Konversi Kuba","CUP":"Peso Kuba","CVE":"Cape Verde Escudo","DASH":"Dash","DJF":"Franc Djiboutian","DKK":"Krone Denmark","DOGE":"DogeCoin","DOP":"Peso Dominika","DZD":"Dinar Aljazair","EAC":"EarthCoin","EGP":"Pound Mesir","EMC":"Emercoin","ERN":"Nakfa Eritrea","ETB":"Birr Etiopia","ETH":"Ethereum","FCT":"Factom","FJD":"Dolar Fiji","FKP":"Pound Kepulauan Falkland","FTC":"Feathercoin","GEL":"Lari Georgia","GGP":"Guernsey Pound","GHS":"Gedi Cedi","GIP":"Pound Gibraltar","GMD":"Dalasi Gambia","GNF":"Franc Guinea","GTQ":"Quetzal Guatemala","GYD":"Dolar Guyana","HKD":"Dollar Hongkong","HNL":"Lempira Honduras","HRK":"Kuna Kroasia","HTG":"Gourde Haiti","HUF":"Forint Hongaria","ILS":"Shekel Baru Israel","IMP":"Manx pound","IQD":"Dinar Irak","IRR":"Iran's Rial","ISK":"Króna Islandia","JEP":"Jersey Pound","JMD":"Dolar Jamaika","JOD":"Dinar Yordania","KES":"Shilling Kenya","KGS":"Kyrgystani Som","KHR":"Riel Kamboja","KMF":"Franc Komoro","KPW":"Won Korea Utara","KRW":"Won Korea Selatan","KWD":"Kuwait Dinar","KYD":"Dolar Kepulauan Cayman","KZT":"Kazakhstani Tenge","LAK":"Laotian Kip","LBP":"Pound Lebanon","LD":"Linden Dollar","LKR":"Rupee Sri Lanka","LRD":"Dolar Liberia","LSL":"Lesotho Loti","LTC":"LiteCoin","LYD":"Dinar Libya","MAD":"Dirham Maroko","MDL":"Moldovan Leu","MGA":"Malagasi Ariary","MKD":"Denar Makedonia","MMK":"Myanma Kyat","MNT":"Tugrik Mongolia","MOP":"Pataca Macan","MRO":"Ouguiya Mauritania (pra-2018)","MRU":"Ouguiya Mauritania","MUR":"Rupee Mauritian","MVR":"Rufiyaa Maladewa","MWK":"Kwacha Malawi","MXN":"Peso Meksiko","MYR":"Ringgit Malaysia","MZN":"Mozambik Metis","NAD":"Dolar Namibia","NGN":"Nigerian Naira","NIO":"Córdoba Nikaragua","NMC":"Namecoin","NOK":"Krone Norwegia","NPR":"Rupee Nepal","NVC":"NovaCoin","NXT":"Nxt","NZD":"Dolar Selandia Baru","OMR":"Rial Oman","PAB":"Balboa Panama","PEN":"Peruvian Nuevo Sol","PGK":"Papua New Guinea Kina","PHP":"Peso Filipina","PKR":"Rupee Pakistan","PPC":"Peercoin","PYG":"Guarani Paraguay","QAR":"Rial Qatar","RON":"Leu Rumania","RSD":"Dinar Serbia","RUB":"Rubel Rusia","RWF":"Franc Rwanda","SAR":"Riyal Saudi","SBD":"Dolar Kepulauan Solomon","SCR":"Rupee Seychellois","SDG":"Pound Sudan","SEK":"Krona Swedia","SGD":"Dolar Singapura","SHP":"Saint Helena Pound","SLL":"Sierra Leone Leone","SOS":"Somalia Shilling","SRD":"Dolar Suriname","SSP":"Pound Sudan Selatan","STD":"São Tomé dan Príncipe Dobra (pra-2018)","STN":"São Tomé dan Príncipe Dobra","STR":"Stellar","SVC":"Salvadoran Colón","SYP":"Pound Suriah","SZL":"Swazi Lilangeni","THB":"Baht Thailand","TJS":"Somoni Tajik","TMT":"Manat Turkmenistan","TND":"Dinar Tunisia","TOP":"Tonga Pa'anga","TRY":"Lira Turki","TTD":"Dolar Trinidad dan Tobago","TWD":"Dolar Taiwan Baru","TZS":"Shilling Tanzania","UGX":"Shilling Uganda","UYU":"Peso Uruguay","UZS":"Uzbekistan Som","VEF":"Bolivar Fuerte Venezuela (Tua)","VEF_BLKMKT":"Bolivar Venezuela (Pasar Gelap)","VEF_DICOM":"Bolivar Venezuela (DICOM)","VEF_DIPRO":"Bolzvar Venezuela (DIPRO)","VES":"Bolivar Soberano dari Venezuela","VND":"Vietnam Dong","VTC":"VertCoin","VUV":"Vanuatu Vatu","WST":"Tala Samoa","XAF":"CFA Franc BEAC","XAG":"Ons perak","XAU":"Ons emas","XCD":"Dolar Karibia Timur","XDR":"Hak Penarikan Khusus","XMR":"Monero","XOF":"CFA Franc BCEAO","XPD":"Palladium Ounce","XPF":"CFP Franc","XPM":"Primecoin","XPT":"Platinum Ounce","XRP":"Ripple","YER":"Rial Yaman","ZAR":"Rand Afrika Selatan","ZMW":"Kwacha Zambia","ZWL":"Dolar Zimbabwe"}