{"BNB":"BNB","USD":"Dolar","EUR":"Euro","GBP":"Funt brytyjski","AUD":"Dolar australijski","CAD":"Dolar kanadyjski","CHF":"Frank szwajcarski","PLN":"Polski złoty","CZK":"Republika Czeska Koruna","INR":"Rupia indyjska","IDR":"Rupia indonezyjska","JPY":"Japoński jen","CNY":"Chiński juan","UAH":"Hrywna ukraińska","AED":"Zjednoczone Emiraty Arabskie Dirham","AFN":"Afgańczyk Afghani","ALL":"Albański lek","AMD":"Ormiański dram","ANG":"Holandia Antillean Guilder","AOA":"Angolan Kwanza","ARS":"Peso argentyńskie","AWG":"Aruban Florin","AZN":"Manat Azerbejdżański","BAM":"Bośnia i Hercegowina Wymienny Znak","BBD":"Dolar Barbadosu","BDT":"Bangladeshi Taka","BGN":"Lew bułgarski","BHD":"Dinar bahrański","BIF":"Frank Burundi","BMD":"Dolar bermudzki","BND":"Dolar Brunei","BOB":"Bolivian Boliviano","BRL":"Real brazylijski","BSD":"Dolar bahamski","BTC":"Bitcoin","BTN":"Bhutanese Ngultrum","BTS":"BitShares","BWP":"Botswana Pula","BYN":"Białoruski Rubel","BZD":"Belize Dollar","CDF":"Frank Kongijski","CLF":"Chilijska jednostka rozliczeniowa (UF)","CLP":"Peso chilijskie","CNH":"Juan chiński (offshore)","COP":"Peso kolumbijskie","CRC":"Kostarykański Colón","CUC":"Kubański zamienny peso","CUP":"Peso kubańskie","CVE":"Przylądek Verdean Escudo","DASH":"Dash","DJF":"Dżibutyjski frank","DKK":"Danish Krone","DOGE":"DogeCoin","DOP":"Peso dominikańskie","DZD":"Dinar algierski","EAC":"EarthCoin","EGP":"Funt egipski","EMC":"Emercoin","ERN":"Eritrean Nakfa","ETB":"Birr","ETH":"Ethereum","FCT":"Factom","FJD":"Dolar fidżijski","FKP":"Funt Wysp Falklandzkich","FTC":"Feathercoin","GEL":"Gruziński Lari","GGP":"Guernsey Pound","GHS":"Ghańskie Cedi","GIP":"Gibraltar Funt","GMD":"Dalasi z Gambii","GNF":"Francuz gwinejski","GTQ":"Gwatemalskie Quetzal","GYD":"Guyanese Dollar","HKD":"Dolar hongkoński","HNL":"Honduran Lempira","HRK":"Kuna chorwacka","HTG":"Haiti gourde","HUF":"Forint węgierski","ILS":"Nowy szekel izraelski","IMP":"Funt Manxa","IQD":"Dinar iracki","IRR":"Rial irański","ISK":"Islandzka Króna","JEP":"Jersey Pound","JMD":"Dolar jamajski","JOD":"Dinar jordański","KES":"Szyling Kenijski","KGS":"Kyrgystani Som","KHR":"Kambodżański Riel","KMF":"Frank Komorów","KPW":"Wygrana Północnokoreańska","KRW":"Won południowokoreański","KWD":"Dinar kuwejcki","KYD":"Dolar Kajmanów","KZT":"Kazachstańskie Tenge","LAK":"Laotian Kip","LBP":"Funt libański","LD":"Linden Dollar","LKR":"Rupia lankijska","LRD":"Dolar liberyjski","LSL":"Lesotho Loti","LTC":"LiteCoin","LYD":"Dinar libijski","MAD":"Dirham marokański","MDL":"Lej mołdawski","MGA":"Malagasy Ariary","MKD":"Macedoński Denar","MMK":"Myanma Kyat","MNT":"Mongolski Tugrik","MOP":"Macanese Pataca","MRO":"Mauritanian Ouguiya (przed 2018)","MRU":"Mauretański Ouguiya","MUR":"Rupia maurytyjska","MVR":"Malediwski Rufiyaa","MWK":"Kwacha malawska","MXN":"Peso meksykańskie","MYR":"Ringgit malezyjski","MZN":"Mozambiku Metical","NAD":"Namibijski dolar","NGN":"Nigeria Naira","NIO":"Nikaraguańska Córdoba","NMC":"Namecoin","NOK":"Korona norweska","NPR":"Rupia nepalska","NVC":"NovaCoin","NXT":"Nxt","NZD":"Dolar nowozelandzki","OMR":"Omański Rial","PAB":"Panamanian Balboa","PEN":"Peruwiański Nuevo Sol","PGK":"Papua New Guinean Kina","PHP":"Peso filipińskie","PKR":"Rupia pakistańska","PPC":"Peercoin","PYG":"Paragwajski Guarani","QAR":"Rial katarski","RON":"Lej rumuński","RSD":"Serbski dinar","RUB":"Rubel rosyjski","RWF":"Frank Rwandyjski","SAR":"Saudyjska Riyal","SBD":"Dolar Wysp Salomona","SCR":"Rupia seszelska","SDG":"Sudański Funt","SEK":"Korona szwedzka","SGD":"Dolar singapurski","SHP":"Święty Helena Pound","SLL":"Sierra Leone Leone","SOS":"Szyling somalijski","SRD":"Surinamese Dollar","SSP":"Funt południowo sudański","STD":"Wyspy Świętego Tomasza i Książęca Dobra (sprzed 2018 r.)","STN":"Wyspy Świętego Tomasza i Książęca Dobra","STR":"Stellar","SVC":"Colón salwadorski","SYP":"Funt syryjski","SZL":"Swazi Lilangeni","THB":"Baht tajlandzki","TJS":"Tajikistani Somoni","TMT":"Turkmeński Manat","TND":"Dinar tunezyjski","TOP":"Tongan Pa'anga","TRY":"Lira turecka","TTD":"Dolar Trynidadu i Tobago","TWD":"Nowy dolar tajwański","TZS":"Szyling tanzański","UGX":"Szyling Ugandyjski","UYU":"Peso urugwajskie","UZS":"Uzbekistan Som","VEF":"Wenezuelski Bolívar Fuerte (Stary)","VEF_BLKMKT":"Wenezuelski Bolívar (Czarny Rynek)","VEF_DICOM":"Wenezuelski Bolívar (DICOM)","VEF_DIPRO":"Wenezuelski Bolívar (DIPRO)","VES":"Wenezuelski Bolívar Soberano","VND":"Dong wietnamski","VTC":"VertCoin","VUV":"Vanuatu Vatu","WST":"Samoa Tala","XAF":"CFA Franc BEAC","XAG":"Srebrna Uncja","XAU":"Złota Uncja","XCD":"Dolar wschodniokaraibski","XDR":"Specjalne prawa ciągnienia","XMR":"Monero","XOF":"CFA Franc BCEAO","XPD":"Palladium Uncja","XPF":"CFP Franc","XPM":"Primecoin","XPT":"Platynowa Uncja","XRP":"Ripple","YER":"Rial Jemeński","ZAR":"Rand południowoafrykański","ZMW":"Kwacha zambijska","ZWL":"Dolar Zimbabwe"}