{"BNB":"BNB","USD":"Amerikai dollár","EUR":"Euro","GBP":"Brit font","AUD":"Ausztrál dollár","CAD":"Kanadai dollár","CHF":"Svájci frank","PLN":"Lengyel zloty","CZK":"Cseh Köztársaság Koruna","INR":"Indiai rúpia","IDR":"Indonéz rúpia","JPY":"Japán jen","CNY":"Kínai jüan","UAH":"Ukrán hrivnya","AED":"Egyesült Arab Emírségek Dirham","AFN":"Afganisztán afgán","ALL":"Albán Lek","AMD":"Örmény Dram","ANG":"Holland Antillák gulden","AOA":"Angolai Kwanza","ARS":"Argentin peso","AWG":"Arubai Florin","AZN":"Azerbajdzsáni Manat","BAM":"Bosznia-Hercegovina átváltható jelzése","BBD":"Barbadai dollár","BDT":"Bangladesi Taka","BGN":"Bolgár lev","BHD":"Bahraini dinár","BIF":"Burundi frank","BMD":"Bermudan dollár","BND":"Brunei dollár","BOB":"Bolíviai Boliviano","BRL":"Brazil real","BSD":"Bahama dollár","BTC":"Bitcoin","BTN":"Bhután Ngultrum","BTS":"BitShares","BWP":"Botswana Pula","BYN":"Fehérorosz rubel","BZD":"Belize dollár","CDF":"Kongói frank","CLF":"Chilei elszámolási egység (UF)","CLP":"Chilei peso","CNH":"Kínai jüan (offshore)","COP":"Kolumbiai peso","CRC":"Costa Rican Colón","CUC":"Kubai kabrió peso","CUP":"Kubai peso","CVE":"Cape Verdean Escudo","DASH":"Dash","DJF":"Djibouti frank","DKK":"Dán Krone","DOGE":"DogeCoin","DOP":"Dominikai peso","DZD":"Algériai dinár","EAC":"EarthCoin","EGP":"Egyiptomi font","EMC":"Emercoin","ERN":"Eritrea Nakfa","ETB":"Etióp Birr","ETH":"Ethereum","FCT":"Factom","FJD":"Fidzsi dollár","FKP":"Falkland-szigetek font","FTC":"Feathercoin","GEL":"Grúz Lari","GGP":"Guernsey font","GHS":"Ghánai Cedi","GIP":"Gibraltár font","GMD":"Gambiai Dalasi","GNF":"Guineai frank","GTQ":"Guatemalan Quetzal","GYD":"Guyanai dollár","HKD":"Hong Kong dollár","HNL":"Honduran Lempira","HRK":"Horvát kuna","HTG":"Haiti Gourde","HUF":"Magyar forint","ILS":"Izraeli új Sheqel","IMP":"Manx font","IQD":"Iraki dinár","IRR":"Iráni rial","ISK":"Izlandi Króna","JEP":"Jersey font","JMD":"Jamaikai dollár","JOD":"Jordanian dinár","KES":"Kenyai shilling","KGS":"Kyrgystani Som","KHR":"Kambodzsai Riel","KMF":"Comore-szigeteki frank","KPW":"Észak-koreai nyert","KRW":"Dél-koreai nyert","KWD":"Kuvait dinár","KYD":"Kajmán-szigeteki dollár","KZT":"Kazakhstani Tenge","LAK":"Laotian Kip","LBP":"Libanoni font","LD":"Linden Dollar","LKR":"Srí Lanka-i rúpia","LRD":"Libéria dollár","LSL":"Lesotho Loti","LTC":"LiteCoin","LYD":"Líbiai dinár","MAD":"Marokkói dirham","MDL":"Moldovan Leu","MGA":"Madagaszkári Ariary","MKD":"Macedón Denar","MMK":"Myanma Kyat","MNT":"Mongol Tugrik","MOP":"Macanese Pataca","MRO":"Mauritániai Ouguiya (2018 előtti)","MRU":"Mauritániai Ouguiya","MUR":"Mauritiusi rúpia","MVR":"Maldivian Rufiyaa","MWK":"Malaw Kwacha","MXN":"Mexikói peso","MYR":"Malajziai Ringgit","MZN":"Mozambiki Metical","NAD":"Namíbiai dollár","NGN":"Nigériai Naira","NIO":"Nicaraguan Córdoba","NMC":"Namecoin","NOK":"Norvég Krone","NPR":"Nepáli rúpia","NVC":"NovaCoin","NXT":"Nxt","NZD":"Új-Zéland dollár","OMR":"Ománi rial","PAB":"Panamán Balboa","PEN":"Perui Nuevo Sol","PGK":"Pápua Új-Guinea Kina","PHP":"Fülöp-szigeteki peso","PKR":"Pakisztáni rúpia","PPC":"Peercoin","PYG":"Paraguayi Guarani","QAR":"Katari rial","RON":"Román leu","RSD":"Szerb dinár","RUB":"Orosz rubel","RWF":"Ruandai frank","SAR":"Saudi Riyal","SBD":"Salamon-szigeteki dollár","SCR":"Seychellois rúpia","SDG":"Szudáni font","SEK":"Svéd Krona","SGD":"Szingapúri dollár","SHP":"Saint Helena font","SLL":"Sierra Leonean Leone","SOS":"Szomáliai shilling","SRD":"Surinam dollár","SSP":"Dél-szudáni font","STD":"São Tomé és Príncipe Dobra (2018 előtti)","STN":"São Tomé és Príncipe Dobra","STR":"Stellar","SVC":"Salvadoran Colón","SYP":"Szíriai font","SZL":"Swazi Lilangeni","THB":"Thai Baht","TJS":"Somaji Tajikistani","TMT":"Turkmenistani Manat","TND":"Tunéziai dinár","TOP":"Tongan Pa'anga","TRY":"Török líra","TTD":"Trinidad és Tobago dollár","TWD":"Új tajvani dollár","TZS":"Tanzániai shilling","UGX":"Ugandai shilling","UYU":"Uruguayi peso","UZS":"Üzbegisztán Som","VEF":"Venezuelai Bolívar Fuerte (régi)","VEF_BLKMKT":"Venezuelai Bolívar (fekete piac)","VEF_DICOM":"Venezuelai Bolívar (DICOM)","VEF_DIPRO":"Venezuelai Bolívar (DIPRO)","VES":"Venezuelai Bolívar Soberano","VND":"Vietnami Dong","VTC":"VertCoin","VUV":"Vanuatu Vatu","WST":"Samoan Tala","XAF":"CFA Franc BEAC","XAG":"Ezüst uncia","XAU":"Arany uncia","XCD":"Kelet-karibi dollár","XDR":"Különleges lehívási jogok","XMR":"Monero","XOF":"CFA Franc BCEAO","XPD":"Palladium uncia","XPF":"CFP Franc","XPM":"Primecoin","XPT":"Platinum uncia","XRP":"Ripple","YER":"Jemeni rial","ZAR":"Dél-afrikai rand","ZMW":"Zambiai Kwacha","ZWL":"Zimbabwei dollár"}