{"BNB":"Бінанс коін","USD":"Долар США","EUR":"Євро","GBP":"Британський фунт стерлінгів","AUD":"Австралійський долар","CAD":"Канадський долар","CHF":"Швейцарський франк","PLN":"Польський злотий","CZK":"Чеська крона","INR":"Індійська рупія","IDR":"Індонезійська рупія","JPY":"Японська ієна","CNY":"Китайський юань","UAH":"Українська гривня","AED":"ОАЕ Дірхам","AFN":"Афганець","ALL":"Албанський лек","AMD":"Вірменський драм","ANG":"Нідерландський антильский гульден","AOA":"Ангольська кванза","ARS":"Аргентинський песо","AWG":"Арубський Флорин","AZN":"Азербайджанський манат","BAM":"Боснія і Герцеговина Конвертована марка","BBD":"Барбадоський долар","BDT":"Бангладешський така","BGN":"Болгарський лев","BHD":"Бахрейнський динар","BIF":"Бурундійський франк","BMD":"Бермудський долар","BND":"Брунейський долар","BOB":"Болівійський Болівіано","BRL":"Бразильський реал","BSD":"Багамський долар","BTC":"Біткоїн","BTN":"Бутанський нгултрум","BTS":"BitShares","BWP":"Ботсванська пулу","BYN":"Білоруський рубль","BZD":"Белізький долар","CDF":"Конголезький франк","CLF":"Чилійська одиниця обліку (UF)","CLP":"Чилійський песо","CNH":"Китайський юань (офшор)","COP":"Колумбійський песо","CRC":"Костариканський колон","CUC":"Кубинське конвертоване песо","CUP":"Кубинський песо","CVE":"Кабо-Верде Ескудо","DASH":"Dash","DJF":"Джібутійскій франк","DKK":"Датська крона","DOGE":"DogeCoin","DOP":"Домініканський песо","DZD":"Алжирський динар","EAC":"EarthCoin","EGP":"Єгипетський фунт","EMC":"Emercoin","ERN":"ЕРИТРЕЙСЬКА нАКФА","ETB":"Ефіопський бір","ETH":"Ethereum","FCT":"Factom","FJD":"Фиджийский долар","FKP":"Фунт Фолклендських островів","FTC":"Feathercoin","GEL":"Грузинський ларі","GGP":"Гернсійський фунт","GHS":"Ганський седі","GIP":"Гібралтарський фунт","GMD":"Даласі","GNF":"Гвінейський франк","GTQ":"Гватемальський кетцаль","GYD":"Гайянський долар","HKD":"Гонконгський долар","HNL":"Гондураська лемпіра","HRK":"Хорватська куна","HTG":"Гаїтянський гурд","HUF":"Угорський форинт","ILS":"Ізраїльський новий шекель","IMP":"Менська фунт","IQD":"Іракський динар","IRR":"Іранський ріал","ISK":"Ісландська крона","JEP":"Джерсі фунт","JMD":"Ямайський долар","JOD":"Йорданський динар","KES":"Кенійський шилінг","KGS":"Киргизький сом","KHR":"Камбоджійський Рієль","KMF":"Коморовський франк","KPW":"Північнокорейський геть","KRW":"Південнокорейський геть","KWD":"Кувейтський динар","KYD":"Долар Кайманових островів","KZT":"Казахстанський тенге","LAK":"Лаоський кип","LBP":"Ліванський фунт","LD":"Линден доллар","LKR":"Шрі-ланкійська рупія","LRD":"Ліберійський долар","LSL":"Лоті Лесото","LTC":"LiteCoin","LYD":"Лівійський динар","MAD":"Марокканський дирхам","MDL":"Молдовський лей","MGA":"Малагасійська мадагаскарський","MKD":"Македонський динар","MMK":"Мьянманского кьят","MNT":"Монгольський тугрик","MOP":"Macanese Макао","MRO":"Мавританський Уугія (до 2018 року)","MRU":"Мавританська угія","MUR":"Маврикійська рупія","MVR":"Мальдівська руфія","MWK":"Малавійська квача","MXN":"Мексиканське песо","MYR":"Малайзійський рінггіт","MZN":"Мозамбіцька метікал","NAD":"Намібії долар","NGN":"Нігерійська найра","NIO":"Никарагуанская кордоба","NMC":"Namecoin","NOK":"Норвезька крона","NPR":"Непальська рупія","NVC":"NovaCoin","NXT":"Nxt","NZD":"Новозеландський долар","OMR":"Оманську ріал","PAB":"Панамський бальбоа","PEN":"Перуанський новий сіль","PGK":"Кіна Папуа - Новій Гвінеї","PHP":"Філіппінське песо","PKR":"Пакистанська рупія","PPC":"Peercoin","PYG":"Парагвайський гуарані","QAR":"Катарський ріал","RON":"Румунський лей","RSD":"Сербський динар","RUB":"Русский рубль","RWF":"Руандійський франк","SAR":"Саудівський ріал","SBD":"Долар Соломонових Островів","SCR":"Сейшельська рупія","SDG":"Суданський фунт","SEK":"Шведська крона","SGD":"Сінгапурський долар","SHP":"Фунт Святої Єлени","SLL":"Сьєрра Леоне Леоне","SOS":"Сомалійський шилінг","SRD":"Суринамський долар","SSP":"Південносуданський фунт","STD":"Сан-Томе і Прінсіпі Добра (до 2018 року)","STN":"Сан-Томе і Прінсіпі Добра","STR":"Звездный","SVC":"Сальвадорський колон","SYP":"Сирійський фунт","SZL":"Ліланджені","THB":"Тайський бат","TJS":"Таджицький сомоні","TMT":"Туркменський манат","TND":"Туніський динар","TOP":"Тонганского Паанга","TRY":"Турецька ліра","TTD":"Тринідад і Тобаго Долар","TWD":"Новий тайванський долар","TZS":"Танзанійський шилінг","UGX":"Угандийский шилінг","UYU":"Уругвайський песо","UZS":"Узбецький сом","VEF":"Венесуельський Болівар Фуерте (Старий)","VEF_BLKMKT":"Венесуельський Болівар (Чорний ринок)","VEF_DICOM":"Венесуельський Болівар (DICOM)","VEF_DIPRO":"Венесуельський Болівар (DIPRO)","VES":"Венесуельський Болівар собераюсь","VND":"В'єтнамський донг","VTC":"VertCoin","VUV":"Вануатскій вату","WST":"Самоа тала","XAF":"CFA Франк BEAC","XAG":"Срібна унція","XAU":"Золота унція","XCD":"Східно-карибський долар","XDR":"Спеціальні права запозичення","XMR":"Monero","XOF":"Франк КФА BCEAO","XPD":"Паладієва унція","XPF":"Французький тихоокеанський франк","XPM":"Primecoin","XPT":"Платинова унція","XRP":"Пульсация","YER":"Єменський ріал","ZAR":"Південноафриканський ранд","ZMW":"Замбійський квача","ZWL":"Зімбабвійський долар"}