{"BNB":"BNB","USD":"Đô la Mỹ","EUR":"Euro","GBP":"Bảng Anh","AUD":"Đô la Úc","CAD":"Đô la Canada","CHF":"Franc Thụy Sĩ","PLN":"Ba Lan Zloty","CZK":"Cộng hòa Séc","INR":"Rupee Ấn Độ","IDR":"Rupiah Indonesia","JPY":"Yen Nhật","CNY":"Nhân dân tệ của Trung Quốc","UAH":"Tiếng Ukraina","AED":"Các tiểu vương quốc Ả Rập Thống nhất Dirham","AFN":"Afghanistan Afghanistan","ALL":"Lek Albania","AMD":"Kịch Armenia","ANG":"Hà Lan Antillean Guilder","AOA":"Anh Kwanza","ARS":"Peso Argentina","AWG":"Aruban Florin","AZN":"Manat","BAM":"Nhãn hiệu chuyển đổi Bosnia-Herzegovina","BBD":"Đô la Barbadian","BDT":"Taka Bangladesh","BGN":"Tiếng Bulgaria","BHD":"Dinar Bahrain","BIF":"Pháp Burundi","BMD":"Đô la Hà Lan","BND":"Đô la Brunei","BOB":"Boliviano Boliviano","BRL":"Brazil thực","BSD":"Đô la Bahamian","BTC":"Bitcoin","BTN":"Ngultrum của Bhutan","BTS":"BitShares","BWP":"Botswana Pula","BYN":"Đồng Rúp của Bêlarut","BZD":"Đô la Belize","CDF":"Cộng hòa Séc","CLF":"Đơn vị tài khoản Chile (UF)","CLP":"Peso Chile","CNH":"Nhân dân tệ Trung Quốc (ngoài khơi)","COP":"Peso Colombia","CRC":"Tây Ban Nha","CUC":"Đồng xu mui trần Cuba","CUP":"Peso Cuba","CVE":"Mũi Verdean Escudo","DASH":"Dash","DJF":"Djiboutian Franc","DKK":"Krone Đan Mạch","DOGE":"DogeCoin","DOP":"Pê-ru","DZD":"Dinar Algeria","EAC":"EarthCoin","EGP":"Bảng Anh","EMC":"Emercoin","ERN":"Eritrea Nakfa","ETB":"Etopian Birr","ETH":"Ethereum","FCT":"Factom","FJD":"Đô la Fijian","FKP":"Quần đảo Falkland","FTC":"Feathercoin","GEL":"Lari Georgia","GGP":"Bảng Anh","GHS":"Cedan Ghana","GIP":"Bảng Anh","GMD":"Gambian Dalasi","GNF":"Francean","GTQ":"Quetzal Guatemala","GYD":"Đô la Guyan","HKD":"Đôla Hong Kong","HNL":"Tiếng Hàn","HRK":"Kuna Croatia","HTG":"Bầu bí Haiti","HUF":"Forint Hungary","ILS":"Sheqel mới của Israel","IMP":"Bảng Anh","IQD":"Dinar Irac","IRR":"Rial Iran","ISK":"Króna tiếng Iceland","JEP":"Bảng Anh","JMD":"Đô la Jamaica","JOD":"Dinar Jordan","KES":"Shilling Kenya","KGS":"Sê-ri","KHR":"Campuchia Riel","KMF":"Nghệ sĩ hài","KPW":"Bắc Triều Tiên","KRW":"Thắng Hàn Quốc","KWD":"Dinar Kuwaiti","KYD":"Đô la đảo Cayman","KZT":"Tiếng Kazakhstan","LAK":"Kíp Lào","LBP":"Bảng Anh","LD":"Linden Dollar","LKR":"Rupee Sri Lanka","LRD":"Đô la Liberia","LSL":"Lesoto Loti","LTC":"LiteCoin","LYD":"Dinar Libya","MAD":"Dirham Ma-rốc","MDL":"Bêlarut Leu","MGA":"Malagasy Ariary","MKD":"Denar Macedonia","MMK":"Quêma","MNT":"Tugrik Mông Cổ","MOP":"Macan Pataca","MRO":"Mauritanian Ouguiya (trước năm 2018)","MRU":"Ouguiya","MUR":"Rupee Mauriti","MVR":"Maldives Rufiyaa","MWK":"Kwaw Malawian","MXN":"Đồng peso Mexican","MYR":"Đồng Ringgit Mã Lai","MZN":"Mozambican Metical","NAD":"Đô la Namibia","NGN":"Naira Nigeria","NIO":"Nicaragua Córdoba","NMC":"Namecoin","NOK":"Na Uy Krone","NPR":"Rupee Nepal","NVC":"NovaCoin","NXT":"Nxt","NZD":"Đô la New Zealand","OMR":"Rial","PAB":"Balan Panama","PEN":"Nuevo Sol","PGK":"Papua New Guinean Kina","PHP":"Peso Philippines","PKR":"Rupee Pakistan","PPC":"Peercoin","PYG":"Guarani Paraguay","QAR":"Qatari Rial","RON":"Rumani Leu","RSD":"Dinar Serbia","RUB":"Rúp Nga","RWF":"Franc Rumani","SAR":"Ả Rập Saudi","SBD":"Đô la quần đảo Solomon","SCR":"Seychellois Rupee","SDG":"Bảng Anh","SEK":"Đồng curon Thụy Điển","SGD":"Đô la Singapore","SHP":"Bảng thánh Helena","SLL":"Sierra Leonean Leone","SOS":"Shilling Somali","SRD":"Đô la Namibia","SSP":"Bảng Anh","STD":"São Tomé và Príncipe Dobra (trước năm 2018)","STN":"São Tomé và Príncipe Dobra","STR":"Stellar","SVC":"Colan Salvador","SYP":"Bảng Anh","SZL":"Swazi Lilangen","THB":"Baht Thái","TJS":"Tajoni Pakistan Somoni","TMT":"Người Thổ Nhĩ Kỳ Manat","TND":"Dinar Tunisia","TOP":"Tongan Pa'anga","TRY":"Lira Thổ Nhĩ Kỳ","TTD":"Đô la Trinidad và Tobago","TWD":"Đô la Đài Loan mới","TZS":"Shilling Tanzania","UGX":"Shandand","UYU":"Peso của Uruguay","UZS":"Uzbekistan Som","VEF":"Bolívar Fuerte của Venezuela (Cũ)","VEF_BLKMKT":"Venezuela Bolívar (Chợ đen)","VEF_DICOM":"Bolívar Venezuela (DICOM)","VEF_DIPRO":"Bolívar Venezuela (DIPRO)","VES":"Bolívar Soberano của Venezuela","VND":"Việt nam","VTC":"VertCoin","VUV":"Vanuatu Vatu","WST":"Tala Samoa","XAF":"CFA Franc BEAC","XAG":"Bạc Ounce","XAU":"Vàng Ounce","XCD":"Đô la Đông Caribê","XDR":"Quyền rút vốn đặc biệt","XMR":"Monero","XOF":"CFA Franc BCEAO","XPD":"Palladi Ounce","XPF":"Franc CFP","XPM":"Primecoin","XPT":"Bạch kim bạch kim","XRP":"Ripple","YER":"Rial Yemen","ZAR":"Đơn vị tiền tệ tiêu chuẩn được sử dụng ở Nam Phi","ZMW":"Kwacha Zambian","ZWL":"Đô la Zimbabwe"}