{"BNB":"BNB","USD":"ดอลลาร์สหรัฐ","EUR":"ยูโร","GBP":"ปอนด์สเตอร์ลิงอังกฤษ","AUD":"ดอลลาร์ออสเตรเลีย","CAD":"ดอลลาร์แคนาดา","CHF":"ฟรังก์สวิส","PLN":"โปแลนด์ซวอตี","CZK":"โครูนาสาธารณรัฐเช็ก","INR":"รูปีอินเดีย","IDR":"รูเปียห์อินโดนีเซีย","JPY":"เงินเยนของญี่ปุ่น","CNY":"หยวนจีน","UAH":"ฮรีฟเนียยูเครน","AED":"สหรัฐอาหรับเอมิเรตส์เดอร์แฮม","AFN":"อัฟกันอัฟกัน","ALL":"แอลเบเนียเล็ก","AMD":"แดรมอาร์เมเนีย","ANG":"กิลเดอร์เนเธอร์แลนด์แอนทิลลิส","AOA":"กวานซาแองโกลา","ARS":"เปโซอาร์เจนตินา","AWG":"ฟลอรินอารูบา","AZN":"มานัตอาเซอร์ไบจาน","BAM":"มาร์กบอสเนีย-เฮอร์เซโกวีนา","BBD":"ดอลลาร์บาร์เบโดส","BDT":"ทากาบังคลาเทศ","BGN":"บัลแกเรียเลฟ","BHD":"บาห์เรนดีนาร์","BIF":"ฟรังก์บุรุนดี","BMD":"ดอลลาร์เบอร์มิวดา","BND":"ดอลลาร์บรูไน","BOB":"โบลิเวียโบลิเวีย","BRL":"เรียลบราซิล","BSD":"ดอลลาร์บาฮามาส","BTC":"Bitcoin","BTN":"เอ็งกุลตรัมภูฏาน","BTS":"BitShares","BWP":"ปูลาบอตสวานา","BYN":"รูเบิลเบลารุส","BZD":"ดอลลาร์เบลิซ","CDF":"ฟรังก์คองโก","CLF":"หน่วยบัญชีชิลี (UF)","CLP":"เงินเปโซของชิลี","CNH":"หยวนจีน (นอกชายฝั่ง)","COP":"เงินเปโซของโคลัมเบีย","CRC":"โกลองคอสตาริกา","CUC":"เงินเปโซของคิวบาแปลงสภาพ","CUP":"เงินเปโซของคิวบา","CVE":"เอสคูโดเคปเวิร์ด","DASH":"Dash","DJF":"ฟรังก์จิบูตี","DKK":"โครนเดนมาร์ก","DOGE":"โดชคอยน์","DOP":"เปโซโดมินิกัน","DZD":"ดีนาร์แอลจีเรีย","EAC":"EarthCoin","EGP":"ปอนด์อียิปต์","EMC":"Emercoin","ERN":"แนกฟาเอริเทรีย","ETB":"เบอรร์เอธิโอเปีย","ETH":"Ethereum","FCT":"Factom","FJD":"ดอลลาร์ฟิจิ","FKP":"ปอนด์หมู่เกาะฟอล์คแลนด์","FTC":"Feathercoin","GEL":"ลารี่จอร์เจีย","GGP":"ปอนด์ไหมพรม","GHS":"เซดีกานา","GIP":"ปอนด์ยิบรอลตาร์","GMD":"แกมเบียดาลาซี","GNF":"ฟรังก์กินี","GTQ":"กัวเตมาลาเควตซาล","GYD":"ดอลลาร์กายอานา","HKD":"ดอลลาร์ฮ่องกง","HNL":"ฮอนดูรัสเลมพิรา","HRK":"คูนาโครเอเชีย","HTG":"กูร์ดเฮติ","HUF":"โฟรินท์ฮังการี","ILS":"นิวเชเกลอิสราเอล","IMP":"ปอนด์เกาะแมน","IQD":"ดีนาร์อิรัก","IRR":"เรียลอิหร่าน","ISK":"โครนาไอซ์แลนด์","JEP":"ปอนด์ย์","JMD":"ดอลลาร์จาเมกา","JOD":"ดีนาร์จอร์แดน","KES":"เคนยาชิลลิง","KGS":"ซอมคีร์กีซสถาน","KHR":"เรียลกัมพูชา","KMF":"ฟรังก์คอโมโรส","KPW":"เกาหลีเหนือได้รับรางวัล","KRW":"วอนเกาหลีใต้","KWD":"ดีนาร์คูเวต","KYD":"ดอลลาร์เกาะเคย์แมน","KZT":"เทงเจคาซัคสถาน","LAK":"กีบลาว","LBP":"ปอนด์เลบานอน","LD":"Linden Dollar","LKR":"เงินรูปีของศรีลังกา","LRD":"ดอลลาร์ไลบีเรีย","LSL":"เลโซโทโลตี","LTC":"LiteCoin","LYD":"ลิเบียไดน่าร์","MAD":"ดีแรห์มโมร็อกโก","MDL":"ลิวมอลโดวา","MGA":"Ariary มาลากาซี","MKD":"ดีนาร์มาซิโดเนีย","MMK":"จ๊าตพม่า","MNT":"ทูกริกมองโกเลีย","MOP":"ปาตากามาเก๊า","MRO":"อูกียามอริเตเนีย (ก่อนปี 2018)","MRU":"ชาวอุรุกวัย","MUR":"รูปีมอริเชียส","MVR":"มัลดีฟส์รูฟิยา","MWK":"ควาชามาลาวี","MXN":"เงินเปโซเม็กซิกัน","MYR":"ริงกิตมาเลเซีย","MZN":"เมติคัลโมซัมบิก","NAD":"ดอลลาร์นามิเบีย","NGN":"ไนราไนจีเรีย","NIO":"นิการากัวคอร์โดบา","NMC":"Namecoin","NOK":"โครนนอร์เวย์","NPR":"รูปีเนปาล","NVC":"NovaCoin","NXT":"Nxt","NZD":"ดอลลาร์นิวซีแลนด์","OMR":"โอมานเรียล","PAB":"ปานามา","PEN":"ซอลเปรู","PGK":"ปาปัวนิวกินี Kina","PHP":"เงินเปโซของฟิลิปปินส์","PKR":"รูปีของปากีสถาน","PPC":"Peercoin","PYG":"ปารากวัยกัวรานี","QAR":"กาตาร์เรียล","RON":"ลิวโรมาเนีย","RSD":"เซอร์เบียดีนาร์","RUB":"รูเบิลรัสเซีย","RWF":"ฟรังก์รวันดา","SAR":"ริยัลซาอุดีอาระเบีย","SBD":"ดอลลาร์หมู่เกาะโซโลมอน","SCR":"รูปีเซเชลส์","SDG":"ปอนด์ซูดาน","SEK":"โครนสวีเดน","SGD":"ดอลลาร์สิงคโปร์","SHP":"ปอนด์เซนต์เฮเลน่า","SLL":"เซียร์ราลีโอนลีโอน","SOS":"ชิลลิงโซมาลี","SRD":"ดอลลาร์ซูรินาเม","SSP":"ปอนด์ซูดานใต้","STD":"ดอบราเซาตูเมและปรินซิปี (ก่อนปี 2018)","STN":"ดอบราเซาตูเมและปรินซิปี","STR":"Stellar","SVC":"โคลอนเอลซัลวาดอร์","SYP":"ปอนด์ซีเรีย","SZL":"ลิลันเจนีสวาซิ","THB":"เงินบาทไทย","TJS":"ทาจิกิสถานโซโมนิ","TMT":"มานัตเติร์กเมนิสถาน","TND":"ดีนาร์ตูนิเซีย","TOP":"พาแองกาตองกา","TRY":"ลีร่าตุรกี","TTD":"ดอลลาร์ตรินิแดดและโตเบโก","TWD":"ดอลลาร์ไต้หวันใหม่","TZS":"ชิลลิงแทนซาเนีย","UGX":"ชิลลิงยูกันดา","UYU":"เปโซอุรุกวัย","UZS":"อุซเบกิสถาน","VEF":"โบลิวาร์เวเนซุเอลา (เก่า)","VEF_BLKMKT":"โบลิวาร์เวเนซุเอลา (ตลาดมืด)","VEF_DICOM":"โบลิวาร์เวเนซุเอลา (DICOM)","VEF_DIPRO":"โบลิวาร์เวเนซุเอลา (DIPRO)","VES":"โบลิวาร์เวเนซุเอลา","VND":"ดงเวียดนาม","VTC":"VertCoin","VUV":"วานูอาตูวาตู","WST":"ซามัวตะลา","XAF":"ฟรังก์เซฟาธนาคารรัฐแอฟริกากลาง","XAG":"ออนซ์เงิน","XAU":"ออนซ์ทอง","XCD":"ดอลลาร์แคริบเบียนตะวันออก","XDR":"สิทธิพิเศษถอนเงิน","XMR":"Monero","XOF":"ฟรังก์เซฟาธนาคารกลางรัฐแอฟริกาตะวันตก","XPD":"ออนซ์แพลเลเดียม","XPF":"ฟรังก์ซีเอฟพี","XPM":"Primecoin","XPT":"ออนซ์ทองคำขาว","XRP":"Ripple","YER":"เรียลเยเมน","ZAR":"แรนด์ของแอฟริกาใต้","ZMW":"แซมเบียควาชา","ZWL":"ดอลลาร์ซิมบับเว"}