{"BNB":"BNB","USD":"Dollaro Americano","EUR":"Euro","GBP":"Sterlina britannica","AUD":"Dollaro australiano","CAD":"Dollaro canadese","CHF":"Franco svizzero","PLN":"Zloty polacco","CZK":"Repubblica Ceca Koruna","INR":"Rupia indiana","IDR":"Rupia indonesiana","JPY":"Yen Giapponese","CNY":"Yuan cinese","UAH":"Hryvnia ucraina","AED":"Dirham degli Emirati Arabi Uniti","AFN":"Afghani afgano","ALL":"Lek albanese","AMD":"Armeno Dram","ANG":"Fiorino delle Antille olandesi","AOA":"Angolan Kwanza","ARS":"Peso argentino","AWG":"Aruban Florin","AZN":"Manat azero","BAM":"Convertible Mark Bosnia-Erzegovina","BBD":"Dollaro delle Barbados","BDT":"Taka del Bangladesh","BGN":"Lev bulgaro","BHD":"Dinar del Bahrain","BIF":"Franco burundese","BMD":"Dollaro delle Bermude","BND":"Dollaro del Brunei","BOB":"Boliviano boliviano","BRL":"Real brasiliano","BSD":"Dollaro delle Bahamas","BTC":"Bitcoin","BTN":"Ngultrum bhutanese","BTS":"BitShares","BWP":"Botswana Pula","BYN":"Rublo bielorusso","BZD":"Belize Dollar","CDF":"Franco congolese","CLF":"Unità di conto cilena (UF)","CLP":"Peso cileno","CNH":"Yuan cinese (al largo)","COP":"Peso colombiano","CRC":"Colón costaricano","CUC":"Peso convertibile cubano","CUP":"Peso cubano","CVE":"Escudo capoverdiano","DASH":"Dash","DJF":"Franco di Gibuti","DKK":"Corona danese","DOGE":"DogeCoin","DOP":"Peso dominicano","DZD":"Dinaro algerino","EAC":"EarthCoin","EGP":"Sterlina egiziana","EMC":"Emercoin","ERN":"Eritrean Nakfa","ETB":"Birr etiopico","ETH":"Ethereum","FCT":"Factom","FJD":"Dollaro delle Figi","FKP":"Sterlina delle Isole Falkland","FTC":"Feathercoin","GEL":"Lari georgiano","GGP":"Sterlina di Guernsey","GHS":"Cedi ghanese","GIP":"Sterlina di Gibilterra","GMD":"Dalasi del Gambia","GNF":"Franco della Guinea","GTQ":"Quetzal guatemalteco","GYD":"Dollaro della Guyana","HKD":"Dollaro di Hong Kong","HNL":"Lempira honduregno","HRK":"Kuna croata","HTG":"Gourde haitiano","HUF":"Fiorino ungherese","ILS":"Nuovo Shekel israeliano","IMP":"Sterlina di Manx","IQD":"Dinaro iracheno","IRR":"Rial iraniano","ISK":"Króna islandese","JEP":"Sterlina della Jersey","JMD":"Dollaro giamaicano","JOD":"Dinaro giordano","KES":"Scellino keniota","KGS":"Somir Kyrgystani","KHR":"Riel cambogiano","KMF":"Franco delle Comore","KPW":"Won nordcoreano","KRW":"Vinto coreano del sud","KWD":"Dinaro kuwaitiano","KYD":"Dollaro delle Isole Cayman","KZT":"Kazakhstani Tenge","LAK":"Kip laotiano","LBP":"Libbra libanese","LD":"Linden Dollar","LKR":"Rupia dello Sri Lanka","LRD":"Dollaro liberiano","LSL":"Lesotho Loti","LTC":"LiteCoin","LYD":"Dinaro libico","MAD":"Dirham marocchino","MDL":"Leu moldavo","MGA":"Ariary malgascio","MKD":"Denar macedone","MMK":"Myanma Kyat","MNT":"Tugrik mongolo","MOP":"Pataca macanese","MRO":"Mauritanian Ouguiya (pre-2018)","MRU":"Ouguiya mauritano","MUR":"Rupia mauriziana","MVR":"Rufiyaa maldiviano","MWK":"Malawian Kwacha","MXN":"Peso messicano","MYR":"Ringgit malese","MZN":"Metical mozambicano","NAD":"Dollaro namibiano","NGN":"Naira nigeriana","NIO":"Cordova nicaraguense","NMC":"Namecoin","NOK":"Corona norvegese","NPR":"Rupia nepalese","NVC":"NovaCoin","NXT":"Nxt","NZD":"Dollaro neozelandese","OMR":"Rial dell'Oman","PAB":"Balboa panamense","PEN":"Nuevo Sol peruviano","PGK":"Papua Nuova Guinea Kina","PHP":"Peso filippino","PKR":"Rupia pakistana","PPC":"Peercoin","PYG":"Guarani del Paraguay","QAR":"Rial del Qatar","RON":"Leu rumeno","RSD":"Dinaro serbo","RUB":"Rublo russo","RWF":"Franco ruandese","SAR":"Riyal saudita","SBD":"Dollaro delle Isole Salomone","SCR":"Rupee delle Seychelles","SDG":"Sterlina sudanese","SEK":"Corona svedese","SGD":"Dollaro di Singapore","SHP":"Saint Helena Pound","SLL":"Sierra Leone Leone","SOS":"Scellino somalo","SRD":"Dollaro del Suriname","SSP":"Sterlina sud-sudanese","STD":"São Tomé e Príncipe Dobra (pre-2018)","STN":"São Tomé e Príncipe Dobra","STR":"Stellar","SVC":"Colón salvadoregno","SYP":"Sterlina siriana","SZL":"Swazi Lilangeni","THB":"Baht tailandese","TJS":"Tajikistani Somoni","TMT":"Turkmenistani Manat","TND":"Dinaro tunisino","TOP":"Pa'anga tongano","TRY":"Lira turca","TTD":"Dollaro di Trinidad e Tobago","TWD":"Nuovo dollaro di Taiwan","TZS":"Scellino tanzaniano","UGX":"Scellino dell'Uganda","UYU":"Peso uruguaiano","UZS":"Uzbekistan Som","VEF":"Bolívar Fuerte venezuelano (vecchio)","VEF_BLKMKT":"Bolívar venezuelano (mercato nero)","VEF_DICOM":"Bolívar venezuelano (DICOM)","VEF_DIPRO":"Bolivar venezuelano (DIPRO)","VES":"Bolívar Soberano venezuelano","VND":"Dong vietnamita","VTC":"VertCoin","VUV":"Vanuatu Vatu","WST":"Samoan Tala","XAF":"Franco BEFA CFA","XAG":"Oncia d'argento","XAU":"Oncia d'oro","XCD":"Dollaro caraibico orientale","XDR":"Diritti speciali di prelievo","XMR":"Monero","XOF":"Franco CCE BCEAO","XPD":"Palladium Ounce","XPF":"Franco CFP","XPM":"Primecoin","XPT":"Platinum Ounce","XRP":"Ripple","YER":"Rial Yemenita","ZAR":"Rand sudafricano","ZMW":"Kwacha dello Zambia","ZWL":"Dollaro dello Zimbabwe"}