{"BNB":"BNB","USD":"Amerikanske dollar","EUR":"Euro","GBP":"Britiske pund sterling","AUD":"Australske dollar","CAD":"Kanadiske dollar","CHF":"Sveitsiske franc","PLN":"Polsk zloty","CZK":"Tsjekkia Koruna","INR":"Indisk Rupee","IDR":"Indonesisk rupiah","JPY":"Japansk yen","CNY":"Kinesisk yuan","UAH":"Ukrainsk hryvnia","AED":"De forente arabiske emirater Dirham","AFN":"Afghanske Afghani","ALL":"Albansk lek","AMD":"Armensk drama","ANG":"Nederlandske Antillian Guilder","AOA":"Angolansk Kwanza","ARS":"Argentinsk peso","AWG":"Aruban Florin","AZN":"Aserbajdsjansk manat","BAM":"Bosnia-Hercegovina Cabriolet Mark","BBD":"Barbadiske dollar","BDT":"Bangladesh Taka","BGN":"Bulgarsk lev","BHD":"Bahraini Dinar","BIF":"Burundian Franc","BMD":"Bermuda Dollar","BND":"Brunei Dollar","BOB":"Boliviansk boliviano","BRL":"Brasiliansk Real","BSD":"Bahamian Dollar","BTC":"Bitcoin","BTN":"Bhutanese Ngultrum","BTS":"BitShares","BWP":"Botswana Pula","BYN":"Hviterussisk rubel","BZD":"Belize Dollar","CDF":"Kongolesisk franc","CLF":"Chilenske regningsenhet (UF)","CLP":"Chilenske peso","CNH":"Kinesisk yuan (offshore)","COP":"Colombianske peso","CRC":"Costa Rica Colón","CUC":"Kubansk konvertible peso","CUP":"Kubansk peso","CVE":"Kapp Verde-Escudo","DASH":"Dash","DJF":"Djiboutian Franc","DKK":"Dansk krone","DOGE":"Dogecoin","DOP":"Dominikanske peso","DZD":"Algerisk dinar","EAC":"EarthCoin","EGP":"Egyptisk pund","EMC":"Emercoin","ERN":"Eritreanske Nakfa","ETB":"Etiopisk Birr","ETH":"Ethereum","FCT":"Factom","FJD":"Fijian Dollar","FKP":"Falklandsøyene pund","FTC":"Feathercoin","GEL":"Georgisk lari","GGP":"Guernsey Pound","GHS":"Ghanesisk cedi","GIP":"Gibraltar Pound","GMD":"Gambisk Dalasi","GNF":"Guineanske franc","GTQ":"Guatemalas Quetzal","GYD":"Guyanese Dollar","HKD":"Hong Kong Dollar","HNL":"Honduras Lempira","HRK":"Kroatisk kuna","HTG":"Haitisk Gourde","HUF":"Ungarsk forint","ILS":"Israelsk ny shekel","IMP":"Manx pund","IQD":"Irakisk dinar","IRR":"Iransk rial","ISK":"Islandsk krone","JEP":"Jersey pund","JMD":"Jamaicanske dollar","JOD":"Jordansk dinar","KES":"Kenyanske shilling","KGS":"Kyrgystani Som","KHR":"Kambodsjansk Riel","KMF":"Comorian Franc","KPW":"Nordkoreansk vunnet","KRW":"Sydkoreansk vunnet","KWD":"Kuwaiti Dinar","KYD":"Cayman Islands Dollar","KZT":"Kasakhstani Tenge","LAK":"Laotisk Kip","LBP":"Libanesisk pund","LD":"Linden Dollar","LKR":"Sri Lankanske rupee","LRD":"Liberian Dollar","LSL":"Lesotho Loti","LTC":"LiteCoin","LYD":"Libysk dinar","MAD":"Marokkansk dirham","MDL":"Moldovas Leu","MGA":"Malagasy Ariary","MKD":"Makedonske Denar","MMK":"Myanma Kyat","MNT":"Mongolsk Tugrik","MOP":"Macanese Pataca","MRO":"Mauritanian Ouguiya (før 2018)","MRU":"Mauritanian Ouguiya","MUR":"Mauritian Rupee","MVR":"Maldivian Rufiyaa","MWK":"Malawisk Kwacha","MXN":"Meksikansk Peso","MYR":"Malaysisk Ringgit","MZN":"Mosambikansk Metical","NAD":"Namibian Dollar","NGN":"Nigerianske Naira","NIO":"Nicaraguanske Córdoba","NMC":"Namecoin","NOK":"Norsk krone","NPR":"Nepalesisk rupee","NVC":"NovaCoin","NXT":"Nxt","NZD":"New Zealand Dollar","OMR":"Omani Rial","PAB":"Panamanian Balboa","PEN":"Peruvian Nuevo Sol","PGK":"Papua Ny Guinea-Kina","PHP":"Filippinsk peso","PKR":"Pakistansk rupee","PPC":"Peercoin","PYG":"Paraguayansk Guarani","QAR":"Qatari Rial","RON":"Rumensk leu","RSD":"Serbisk dinar","RUB":"Russisk rubel","RWF":"Rwanda Franc","SAR":"Saudi Riyal","SBD":"Salomonøyene Dollar","SCR":"Seychellisk rupee","SDG":"Sudanesisk pund","SEK":"Svenske kroner","SGD":"Singapore Dollar","SHP":"Saint Helena Pound","SLL":"Sierra Leonean Leone","SOS":"Somalisk Shilling","SRD":"Surinamese Dollar","SSP":"Sør-Sudanske pund","STD":"São Tomé og Príncipe Dobra (før 2018)","STN":"São Tomé og Príncipe Dobra","STR":"Stellar","SVC":"Salvadorsk Colón","SYP":"Syrisk pund","SZL":"Swazi Lilangeni","THB":"Thai Baht","TJS":"Tajikistani somoni","TMT":"Turkmenistani Manat","TND":"Tunisisk dinar","TOP":"Tongan Pa'anga","TRY":"Tyrkisk lire","TTD":"Trinidad og Tobago Dollar","TWD":"Ny Taiwan Dollar","TZS":"Tanzanian Shilling","UGX":"Ugandansk Shilling","UYU":"Uruguayansk peso","UZS":"Usbekistan Som","VEF":"Venezuelan Bolívar Fuerte (Gamle)","VEF_BLKMKT":"Venezuelan Bolívar (svart marked)","VEF_DICOM":"Venezuelan Bolívar (DICOM)","VEF_DIPRO":"Venezuelan Bolívar (DIPRO)","VES":"Venezuelan Bolívar Soberano","VND":"Vietnamesisk dong","VTC":"VertCoin","VUV":"Vanuatu Vatu","WST":"Samisk tala","XAF":"CFA Franc BEAC","XAG":"Sølv ounce","XAU":"GullOunce","XCD":"Østkaribiske dollar","XDR":"Spesielle Tegningsrettigheter","XMR":"Monero","XOF":"CFA Franc BCEAO","XPD":"Palladium Ounce","XPF":"CFP Franc","XPM":"Primecoin","XPT":"Platinum Ounce","XRP":"Ripple","YER":"Yemeni Rial","ZAR":"Sydafrikanske rand","ZMW":"Zambian Kwacha","ZWL":"Zimbabwes dollar"}