{"BNB":"Бинанс коин","USD":"Доллар США","EUR":"Евро","GBP":"Британский фунт стерлингов","AUD":"Австралийский доллар","CAD":"Канадский доллар","CHF":"Швейцарский франк","PLN":"Польский злотый","CZK":"Чешская крона","INR":"Индийская рупия","IDR":"Индонезийская рупия","JPY":"Японская иена","CNY":"Китайский юань","UAH":"Украинская гривна","AED":"ОАЭ Дирхам","AFN":"Афганец","ALL":"Албанский лек","AMD":"Армянский драм","ANG":"Нидерландский антильский гульден","AOA":"Ангольская кванза","ARS":"Аргентинское песо","AWG":"Арубанский флорин","AZN":"Азербайджанский манат","BAM":"Босния и Герцеговина Конвертируемая марка","BBD":"Барбадосский доллар","BDT":"Бангладешский така","BGN":"Болгарский лев","BHD":"Бахрейнский динар","BIF":"Бурундийский франк","BMD":"Бермудский доллар","BND":"Брунейский доллар","BOB":"Боливийский боливиано","BRL":"Бразильский реал","BSD":"Багамский доллар","BTC":"Биткойн","BTN":"Бутанский нгултрум","BTS":"BitShares","BWP":"Ботсванская пула","BYN":"Белорусский рубль","BZD":"Белизский доллар","CDF":"Конголезский франк","CLF":"Чилийская единица учета (UF)","CLP":"Чилийское песо","CNH":"Китайский юань (оффшор)","COP":"Колумбийское песо","CRC":"Костариканский колон","CUC":"Кубинское конвертируемое песо","CUP":"Кубинское песо","CVE":"Кабо-Верде Эскудо","DASH":"Dash","DJF":"Джибутийский франк","DKK":"Датская крона","DOGE":"DogeCoin","DOP":"Доминиканское песо","DZD":"Алжирский динар","EAC":"EarthCoin","EGP":"Египетский фунт","EMC":"Emercoin","ERN":"Эритрейская накфа","ETB":"Эфиопский быр","ETH":"Ethereum","FCT":"Factom","FJD":"Фиджийский доллар","FKP":"Фунт Фолклендских островов","FTC":"Feathercoin","GEL":"Грузинский лари","GGP":"Гернсийский фунт","GHS":"Ганский седи","GIP":"Гибралтарский фунт","GMD":"Гамбийский даласи","GNF":"Гвинейский франк","GTQ":"Гватемальский кетцаль","GYD":"Гайанский доллар","HKD":"Гонконгский доллар","HNL":"Гондурасская лемпира","HRK":"Хорватская куна","HTG":"Гаитянский гурд","HUF":"Венгерский форинт","ILS":"Новый израильский шекель","IMP":"Мэнский фунт","IQD":"Иракский динар","IRR":"Иранский риал","ISK":"Исландская крона","JEP":"Джерси фунт","JMD":"Ямайский доллар","JOD":"Иорданский динар","KES":"Кенийский шиллинг","KGS":"Киргизский сом","KHR":"Камбоджийский риель","KMF":"Коморский франк","KPW":"Северокорейский вон","KRW":"Южнокорейский вон","KWD":"Кувейтский динар","KYD":"Доллар Каймановых островов","KZT":"Казахстанский тенге","LAK":"Лаосский кип","LBP":"Ливанский фунт","LD":"Линден доллар","LKR":"Шри-ланкийская рупия","LRD":"Либерийский доллар","LSL":"Лоти Лесото","LTC":"LiteCoin","LYD":"Ливийский динар","MAD":"Марокканский дирхам","MDL":"Молдавский лей","MGA":"Малагасийский ариари","MKD":"Македонский динар","MMK":"Мьянманский кьят","MNT":"Монгольский тугрик","MOP":"Macanese Патака","MRO":"Мавританский Уугия (до 2018 года)","MRU":"Мавританская угия","MUR":"Маврикийская рупия","MVR":"Мальдивская руфия","MWK":"Малавийская квача","MXN":"Мексиканское песо","MYR":"Малазийский ринггит","MZN":"Мозамбикский метикал","NAD":"Намибийский доллар","NGN":"Нигерийская найра","NIO":"Никарагуанская кордоба","NMC":"Namecoin","NOK":"Норвежская крона","NPR":"Непальская рупия","NVC":"NovaCoin","NXT":"Nxt","NZD":"Новозеландский доллар","OMR":"Оманский риал","PAB":"Панамский бальбоа","PEN":"Перуанский новый соль","PGK":"Кина Папуа – Новой Гвинеи","PHP":"Филиппинское песо","PKR":"Пакистанская рупия","PPC":"Peercoin","PYG":"Парагвайский гуарани","QAR":"Катарский риал","RON":"Румынский лей","RSD":"Сербский динар","RUB":"Русский рубль","RWF":"Руандийский франк","SAR":"Саудовский риал","SBD":"Доллар Соломоновых Островов","SCR":"Сейшельская рупия","SDG":"Суданский фунт","SEK":"Шведская крона","SGD":"Сингапурский доллар","SHP":"Фунт Святой Елены","SLL":"Сьерра леоне леоне","SOS":"Сомалийский шиллинг","SRD":"Суринамский доллар","SSP":"Южносуданский фунт","STD":"Сан-Томе и Принсипи Добра (до 2018 года)","STN":"Сан-Томе и Принсипи Добра","STR":"Звездный","SVC":"Сальвадорский колон","SYP":"Сирийский фунт","SZL":"Свазилендский лилангени","THB":"Тайский бат","TJS":"Таджикский сомони","TMT":"Туркменский манат","TND":"Тунисский динар","TOP":"Тонганская Паанга","TRY":"Турецкая лира","TTD":"Тринидад и Тобаго Доллар","TWD":"Новый тайваньский доллар","TZS":"Танзанийский шиллинг","UGX":"Угандийский шиллинг","UYU":"Уругвайское песо","UZS":"Узбекский сом","VEF":"Венесуэльский Боливар Фуэрте (Старый)","VEF_BLKMKT":"Венесуэльский Боливар (Черный рынок)","VEF_DICOM":"Венесуэльский Боливар (DICOM)","VEF_DIPRO":"Венесуэльский Боливар (DIPRO)","VES":"Венесуэльский Боливар Соберано","VND":"Вьетнамский донг","VTC":"VertCoin","VUV":"Вануатский вату","WST":"Самоанская тала","XAF":"CFA Франк BEAC","XAG":"Серебряная унция","XAU":"Золотая унция","XCD":"Восточно-карибский доллар","XDR":"Специальные права заимствования","XMR":"Monero","XOF":"Франк КФА BCEAO","XPD":"Палладиевая унция","XPF":"Франк КФП","XPM":"Primecoin","XPT":"Платиновая унция","XRP":"Пульсация","YER":"Йеменский риал","ZAR":"Южноафриканский рэнд","ZMW":"Замбийская квача","ZWL":"Зимбабвийский доллар"}