{"BNB":"BNB","USD":"Dollars américain","EUR":"Euro","GBP":"Livre sterling","AUD":"Dollar australien","CAD":"Dollar canadien","CHF":"Franc suisse","PLN":"Zloty polonais","CZK":"République tchèque Koruna","INR":"Roupie indienne","IDR":"Roupie indonésienne","JPY":"Yen japonais","CNY":"Le yuan chinois","UAH":"Hryvnia ukrainien","AED":"Dirham des Emirats Arabes Unis","AFN":"Afghan Afghani","ALL":"Lek albanais","AMD":"Dram arménien","ANG":"Florin des Antilles néerlandaises","AOA":"Kwanza angolais","ARS":"Peso argentin","AWG":"Florin d'Aruba","AZN":"Manat azerbaïdjanais","BAM":"Marque convertible de Bosnie-Herzégovine","BBD":"Dollar barbadien","BDT":"Taka bangladais","BGN":"Lev bulgare","BHD":"Dinar bahreïni","BIF":"Franc burundais","BMD":"Dollar bermudien","BND":"Dollar de Brunei","BOB":"Boliviano bolivien","BRL":"Real brésilien","BSD":"Dollar des Bahamas","BTC":"Bitcoin","BTN":"Ngultrum Bhoutanais","BTS":"BitShares","BWP":"Pula du Botswana","BYN":"Rouble biélorusse","BZD":"Dollar de Belize","CDF":"Franc congolais","CLF":"Unité de compte chilienne (UF)","CLP":"Peso chilien","CNH":"Yuan Chinois (Offshore)","COP":"Peso colombien","CRC":"Costa Rica Colón","CUC":"Peso Convertible Cubain","CUP":"Peso cubain","CVE":"Escudo capverdien","DASH":"Dash","DJF":"Franc djiboutien","DKK":"Couronne danoise","DOGE":"DogeCoin","DOP":"Peso Dominicain","DZD":"Dinar algérien","EAC":"EarthCoin","EGP":"Livre égyptienne","EMC":"Emercoin","ERN":"Nakfa érythréen","ETB":"Birr éthiopien","ETH":"Ethereum","FCT":"Factom","FJD":"Dollar fidjien","FKP":"Livre des îles Falkland","FTC":"Feathercoin","GEL":"Lari géorgien","GGP":"Livre de Guernesey","GHS":"Cedi ghanéen","GIP":"Livre de Gibraltar","GMD":"Dalasi gambien","GNF":"Franc guinéen","GTQ":"Quetzal guatémaltèque","GYD":"Dollar guyanais","HKD":"Dollar de Hong Kong","HNL":"Lempira hondurien","HRK":"Kuna Croate","HTG":"Gourde Haïtienne","HUF":"Forint Hongrois","ILS":"Nouveau sheqel israélien","IMP":"Livre mannoise","IQD":"Dinar irakien","IRR":"Rial iranien","ISK":"Islandaise","JEP":"Livre jersey","JMD":"Dollar jamaïcain","JOD":"Dinar jordanien","KES":"Shilling kenyan","KGS":"Kyrgystani Som","KHR":"Riel Cambodgien","KMF":"Franc comorien","KPW":"Won nord-coréen","KRW":"Won sud-coréen","KWD":"Dinar koweïtien","KYD":"Dollar des îles Caïman","KZT":"Kazakhstani Tenge","LAK":"Kip laotien","LBP":"Livre libanaise","LD":"Linden Dollar","LKR":"Roupie sri lankaise","LRD":"Dollar libérien","LSL":"Loti Lesotho","LTC":"LiteCoin","LYD":"Dinar libyen","MAD":"Dirham Marocain","MDL":"Leu moldave","MGA":"Ariary Malgache","MKD":"Denar macédonien","MMK":"Myanma Kyat","MNT":"Tugrik mongol","MOP":"Pataca de Macanese","MRO":"Ouguiya mauritanien (avant 2018)","MRU":"Ouguiya mauritanien","MUR":"Roupie mauricienne","MVR":"Rufiyaa des Maldives","MWK":"Kwacha malawien","MXN":"Peso Mexicain","MYR":"Cloche malaisienne","MZN":"Metical mozambicain","NAD":"Dollar namibien","NGN":"Naira Nigérian","NIO":"Nicaragua Cordoue","NMC":"Namecoin","NOK":"Couronne norvégienne","NPR":"Roupie Népalaise","NVC":"NovaCoin","NXT":"Nxt","NZD":"Dollar néo-zélandais","OMR":"Rial omanais","PAB":"Balboa panaméen","PEN":"Nuevo Sol péruvien","PGK":"Kina de Papouasie-Nouvelle-Guinée","PHP":"Peso philippin","PKR":"Roupie pakistanaise","PPC":"Peercoin","PYG":"Guarani du Paraguay","QAR":"Rial qatari","RON":"Leu roumain","RSD":"Dinar serbe","RUB":"Rouble russe","RWF":"Franc rwandais","SAR":"Riyal saoudien","SBD":"Dollar des Îles Salomon","SCR":"Roupie Seychelloise","SDG":"Livre soudanaise","SEK":"Couronne suédoise","SGD":"Dollar de Singapour","SHP":"Livre de Sainte-Hélène","SLL":"Sierra Leone","SOS":"Shilling de Somalie","SRD":"Dollar surinamais","SSP":"Livre sud-soudanaise","STD":"Dobra de São Tomé et Príncipe (avant 2018)","STN":"Dobra de São Tomé et Príncipe","STR":"Stellar","SVC":"Colón salvadorien","SYP":"Livre syrienne","SZL":"Swazi Lilangeni","THB":"Baht thaïlandais","TJS":"Somoni du Tadjikistan","TMT":"Turkménistanais Manat","TND":"Dinar tunisien","TOP":"Pa'anga Tongan","TRY":"Lire turque","TTD":"Dollar de Trinité et Tobago","TWD":"Nouveau dollar de Taiwan","TZS":"Shilling tanzanien","UGX":"Shilling ougandais","UYU":"Peso uruguayen","UZS":"Uzbekistan Som","VEF":"Bolivar Fuerte (ancien) vénézuélien","VEF_BLKMKT":"Bolivar vénézuélien (marché noir)","VEF_DICOM":"Bolivar vénézuélien (DICOM)","VEF_DIPRO":"Bolivar vénézuélien (DIPRO)","VES":"Bolivar Soberano du Venezuela","VND":"Dong vietnamien","VTC":"VertCoin","VUV":"Vanuatu Vatu","WST":"Tala Samoan","XAF":"Franc CFA BEAC","XAG":"Once d'argent","XAU":"Once d'or","XCD":"Dollar des Caraïbes orientales","XDR":"Droits de tirage spéciaux","XMR":"Monero","XOF":"Franc CFA BCEAO","XPD":"Once de palladium","XPF":"Franc CFP","XPM":"Primecoin","XPT":"Once de platine","XRP":"Ripple","YER":"Yiali Rial","ZAR":"Rand sud-africain","ZMW":"Kwacha zambien","ZWL":"Dollar zimbabwéen"}